-- MySQL dump 10.13  Distrib 5.1.73, for redhat-linux-gnu (x86_64)
--
-- Host: localhost    Database: eportage
-- ------------------------------------------------------
-- Server version	5.1.73

/*!40101 SET @OLD_CHARACTER_SET_CLIENT=@@CHARACTER_SET_CLIENT */;
/*!40101 SET @OLD_CHARACTER_SET_RESULTS=@@CHARACTER_SET_RESULTS */;
/*!40101 SET @OLD_COLLATION_CONNECTION=@@COLLATION_CONNECTION */;
/*!40101 SET NAMES utf8 */;
/*!40103 SET @OLD_TIME_ZONE=@@TIME_ZONE */;
/*!40103 SET TIME_ZONE='+00:00' */;
/*!40014 SET @OLD_UNIQUE_CHECKS=@@UNIQUE_CHECKS, UNIQUE_CHECKS=0 */;
/*!40014 SET @OLD_FOREIGN_KEY_CHECKS=@@FOREIGN_KEY_CHECKS, FOREIGN_KEY_CHECKS=0 */;
/*!40101 SET @OLD_SQL_MODE=@@SQL_MODE, SQL_MODE='NO_AUTO_VALUE_ON_ZERO' */;
/*!40111 SET @OLD_SQL_NOTES=@@SQL_NOTES, SQL_NOTES=0 */;

--
-- Table structure for table `Attachments`
--

DROP TABLE IF EXISTS `Attachments`;
/*!40101 SET @saved_cs_client     = @@character_set_client */;
/*!40101 SET character_set_client = utf8 */;
CREATE TABLE `Attachments` (
  `attach_id` int(10) unsigned NOT NULL AUTO_INCREMENT,
  `test_id` int(11) DEFAULT NULL,
  `attachmime` varchar(30) DEFAULT NULL,
  `attachdesc` varchar(120) DEFAULT NULL,
  `comments` varchar(200) DEFAULT NULL,
  `originalname` varchar(200) DEFAULT NULL,
  PRIMARY KEY (`attach_id`),
  KEY `test_id` (`test_id`)
) ENGINE=InnoDB AUTO_INCREMENT=1323 DEFAULT CHARSET=latin1;
/*!40101 SET character_set_client = @saved_cs_client */;

--
-- Dumping data for table `Attachments`
--

LOCK TABLES `Attachments` WRITE;
/*!40000 ALTER TABLE `Attachments` DISABLE KEYS */;
INSERT INTO `Attachments` VALUES (1,2,'image/png','this is a random plot!','RMS of the TDC distributions are ~1','Ht_dist.png'),(2,3,'image/png','this is a random plot!','RMS of the TDC distributions are ~1','Ht_dist.png'),(3,4,'image/png','this is a random plot!','RMS of the TDC distributions are ~1','Ht_dist.png'),(4,5,'image/png','this is a random plot!','RMS of the TDC distributions are ~1','Ht_dist.png'),(5,7,'image/png','this is a random plot!','RMS of the TDC distributions are ~1','Ht_dist.png'),(6,8,'image/png','this is a random plot!','RMS of the TDC distributions are ~1','Ht_dist.png'),(7,13,'image/png','','','TDCshift.png'),(8,14,'image/png','','','basicTimingDifference_REFminusSIG.png'),(9,15,'image/png','','','basicTimingDifference_REFminusSIG.png'),(10,16,'image/png','','','basicTimingDifference_REFminusSIG.png'),(11,17,'image/png','','','basicTimingDifference_REFminusSIG.png'),(12,18,'image/png','','','basicTimingDifference_REFminusSIG.png'),(13,19,'image/jpeg','','test34rdr','tote_look_cropped.jpg'),(34,43,'application/pdf','plot of errors versus links','','150920_144028_bit.pdf'),(35,43,'application/octet-stream','','raw data file','150920_144028_bit.root'),(36,44,'application/pdf','','plot showing cap-id rotation errors for each clock phase.  Each canvas corresponds to a different channel.','150920_165643_cid.pdf'),(37,45,'image/png','mean, rms, pedestalvschannel distributions','','150921_123125.609_ped.png'),(38,45,'application/octet-stream','data','','150921_123125.609_ped.root'),(39,47,'image/png','Image','','150923_111431_ped.png'),(40,47,'application/octet-stream','ROOT','','150923_111431_ped.root'),(41,49,'image/png','Image','','150923_205516_cid.png'),(42,49,'application/octet-stream','ROOT','','150923_205516_cid.root'),(43,50,'image/png','Image','','150923_222327_lnk.png'),(44,50,'application/octet-stream','ROOT','','150923_222327_lnk.root'),(45,50,'text/x-log','Log','','150923_222327_lnk.log'),(46,53,'image/png','Image','','at_reg.png'),(47,54,'image/png','','','150930_152731_ped.png'),(48,55,'text/x-log','','','bleafhuiehfie.log'),(49,57,'text/plain','','','bleafhuiehfie.txt'),(50,58,'image/png','','','150930_154252_cid.png'),(51,58,'application/octet-stream','','','150930_154252_cid.root'),(52,58,'text/plain','','','150930_154252_cid.txt'),(53,59,'image/png','','','150930_155110_lnk.png'),(54,59,'application/octet-stream','','','150930_155110_lnk.root'),(55,59,'text/plain','','','150930_155110_lnk.txt'),(56,60,'image/png','','','150930_160134_reg.png'),(57,60,'application/octet-stream','','','150930_160134_reg.root'),(58,60,'text/x-log','','','150930_160134_reg.log'),(59,61,'image/png','','','151001_123820_ped.png'),(60,61,'application/octet-stream','','','151001_123820_ped.root'),(61,61,'text/plain','','','151001_123820_ped.txt'),(62,62,'image/png','','','151001_123934_cid.png'),(63,62,'application/octet-stream','','','151001_123934_cid.root'),(64,62,'text/plain','','','151001_123934_cid.txt'),(65,63,'image/png','','','151001_132736_lnk.png'),(66,63,'application/octet-stream','','','151001_132736_lnk.root'),(67,63,'text/plain','','','151001_132736_lnk.txt'),(68,64,'application/pdf','','','151001_133442_reg.pdf'),(69,64,'application/octet-stream','','','151001_133442_reg.root'),(70,64,'text/plain','','','151001_133442_reg.txt'),(71,65,'image/png','','','151009_122802_ped.png'),(72,65,'application/octet-stream','','','151009_122802_ped.root'),(73,65,'text/plain','','','151009_122802_ped.txt'),(74,67,'image/png','','','151009_142848_reg.png'),(75,67,'application/octet-stream','','','151009_142848_reg.root'),(76,67,'text/plain','','','151009_142848_reg.txt'),(77,68,'image/png','','','151009_123332_lnk.png'),(78,68,'application/octet-stream','','','151009_123332_lnk.root'),(79,68,'text/plain','','','151009_123332_lnk.txt'),(80,69,'image/png','','','151009_155820_cid.png'),(81,69,'application/octet-stream','','','151009_155820_cid.root'),(82,69,'text/plain','','','151009_155820_cid.txt'),(83,74,'image/jpeg','Tote','','tote_look_cropped.jpg'),(84,84,'image/jpeg','','There\'s a tiny mark of paint on the back side of the board.\r\n','board_588.jpg'),(85,145,'image/png','summary plots','','151017_165028_ped.png'),(86,145,'application/octet-stream','histograms','','uhtr_histograms.root'),(87,145,'text/plain','test info','','151017_165028_ped.txt'),(88,150,'image/png','','','151019_142212_ped.png'),(89,150,'application/octet-stream','','','151019_142212_ped.root'),(90,150,'text/plain','','','151019_142212_ped.txt'),(91,151,'image/png','','','151019_142958_cid.png'),(92,151,'application/octet-stream','','','151019_142958_cid.root'),(93,151,'text/plain','','','151019_142958_cid.txt'),(94,152,'image/png','','','151019_144029_lnk.png'),(95,152,'application/octet-stream','','','151019_144029_lnk.root'),(96,152,'text/plain','','','151019_144029_lnk.txt'),(97,153,'image/png','','','151019_145945_ped.png'),(98,153,'application/octet-stream','','','151019_145945_ped.root'),(99,153,'text/plain','','','151019_145945_ped.txt'),(100,154,'image/png','','','151019_150132_cid.png'),(101,154,'application/octet-stream','','','151019_150132_cid.root'),(102,154,'text/plain','','','151019_150132_cid.txt'),(103,159,'image/png','','','151019_151027_lnk.png'),(104,159,'application/octet-stream','','','151019_151027_lnk.root'),(105,159,'text/plain','','','151019_151027_lnk.txt'),(106,166,'image/png','','','151019_151128_reg.png'),(107,166,'application/octet-stream','','','151019_151128_reg.root'),(108,166,'text/plain','','','151019_151128_reg.txt'),(109,167,'image/png','','','151019_151125_reg.png'),(110,167,'application/octet-stream','','','151019_151125_reg.root'),(111,167,'text/plain','','','151019_151125_reg.txt'),(112,174,'image/png','','','151020_104458_reg.png'),(113,174,'application/octet-stream','','','151020_104458_reg.root'),(114,174,'text/plain','','','151020_104458_reg.txt'),(115,176,'image/png','','','151020_114815_reg.png'),(116,176,'application/octet-stream','','','151020_104458_reg.root'),(117,176,'text/plain','','','151020_104458_reg.txt'),(118,187,'image/png','','','151020_104458_reg.png'),(119,187,'application/octet-stream','','','151020_104458_reg.root'),(120,187,'text/plain','','','151020_104458_reg.txt'),(121,189,'image/png','IMAGE','','151020_152647_ped.png'),(122,189,'application/octet-stream','ROOT','','151020_152647_ped.root'),(123,189,'text/plain','TXT','','151020_152647_ped.txt'),(124,190,'image/png','','','151020_152604_ped.png'),(125,190,'application/octet-stream','','','151020_152604_ped.root'),(126,190,'text/plain','','','151020_152604_ped.txt'),(127,191,'image/png','','','151020_153200_cid.png'),(128,191,'application/octet-stream','','','151020_153200_cid.root'),(129,191,'text/plain','','','151020_153200_cid.txt'),(130,197,'image/png','','','151020_160619_reg.png'),(131,197,'application/octet-stream','','','151020_160619_reg.root'),(132,197,'text/plain','','','151020_160619_reg.txt'),(133,205,'image/png','','','151020_153954_lnk.png'),(134,205,'application/octet-stream','','','151020_153954_lnk.root'),(135,205,'text/plain','','','151020_153954_lnk.txt'),(136,206,'image/png','','','151020_155017_lnk.png'),(137,206,'application/octet-stream','','','151020_155017_lnk.root'),(138,206,'text/plain','','','151020_155017_lnk.txt'),(139,208,'image/png','','','151020_163410_reg.png'),(140,208,'application/octet-stream','','','151020_163410_reg.root'),(141,208,'text/plain','','','151020_163410_reg.txt'),(142,209,'image/png','','','151020_171821_ped.png'),(143,209,'application/octet-stream','','','151020_171821_ped.root'),(144,209,'text/plain','','','151020_171821_ped.txt'),(145,211,'image/png','','','151020_164826_reg.png'),(146,211,'application/octet-stream','','','151020_164826_reg.root'),(147,211,'text/plain','','','151020_164826_reg.txt'),(148,212,'image/png','','','151020_171933_cid.png'),(149,212,'application/octet-stream','','','151020_171933_cid.root'),(150,212,'text/plain','','','151020_171933_cid.txt'),(151,213,'image/png','','','151020_174000_lnk.png'),(152,213,'application/octet-stream','','','151020_174000_lnk.root'),(153,213,'text/plain','','','151020_174000_lnk.txt'),(154,214,'image/png','','','151020_172901_reg.png'),(155,214,'application/octet-stream','','','151020_172901_reg.root'),(156,214,'text/plain','','','151020_172901_reg.txt'),(157,217,'image/png','','','151020_172901_reg.png'),(158,217,'application/octet-stream','','','151020_172901_reg.root'),(159,217,'text/plain','','','151020_172901_reg.txt'),(160,221,'image/png','','','151020_180212_ped.png'),(161,221,'application/octet-stream','','','151020_180212_ped.root'),(162,221,'text/plain','','','151020_180212_ped.txt'),(163,224,'image/png','','','151020_180325_cid.png'),(164,224,'application/octet-stream','','','151020_180325_cid.root'),(165,224,'text/plain','','','151020_180325_cid.txt'),(166,225,'image/png','','','151020_181608_lnk.png'),(167,225,'application/octet-stream','','','151020_181608_lnk.root'),(168,225,'text/plain','','','151020_181608_lnk.txt'),(169,226,'image/png','','','151021_102558_ped.png'),(170,226,'application/octet-stream','','','151021_102558_ped.root'),(171,226,'text/plain','','','151021_102558_ped.txt'),(172,227,'image/png','','','151021_104227_cid.png'),(173,227,'application/octet-stream','','','151021_104227_cid.root'),(174,227,'text/plain','','','151021_104227_cid.txt'),(175,228,'image/png','','','151021_104227_cid.png'),(176,228,'application/octet-stream','','','151021_104227_cid.root'),(177,228,'text/plain','','','151021_104227_cid.txt'),(178,229,'image/png','','','151021_105913_lnk.png'),(179,229,'application/octet-stream','','','151021_105913_lnk.root'),(180,229,'text/plain','','','151021_105913_lnk.txt'),(181,230,'image/png','','','151021_112628_cid.png'),(182,230,'application/octet-stream','','','151021_112628_cid.root'),(183,230,'text/plain','','','151021_112628_cid.txt'),(184,231,'image/png','','','151021_114153_lnk.png'),(185,231,'application/octet-stream','','','151021_114153_lnk.root'),(186,231,'text/plain','','','151021_114153_lnk.txt'),(187,232,'image/png','','','151021_120502_ped.png'),(188,232,'application/octet-stream','','','151021_120502_ped.root'),(189,232,'text/plain','','','151021_120502_ped.txt'),(190,233,'image/png','','','151021_121254_cid.png'),(191,233,'application/octet-stream','','','151021_121254_cid.root'),(192,233,'text/plain','','','151021_121254_cid.txt'),(193,234,'image/png','','','151021_122323_lnk.png'),(194,234,'application/octet-stream','','','151021_122323_lnk.root'),(195,234,'text/plain','','','151021_122323_lnk.txt'),(196,235,'image/png','','','151021_145020_ped.png'),(197,235,'application/octet-stream','','','151021_145020_ped.root'),(198,235,'text/plain','','','151021_145020_ped.txt'),(199,236,'image/png','','','151021_145027_ped.png'),(200,236,'application/octet-stream','','','151021_145027_ped.root'),(201,236,'text/plain','','','151021_145027_ped.txt'),(202,239,'image/png','','','151021_152551_cid.png'),(203,239,'application/octet-stream','','','151021_152551_cid.root'),(204,239,'text/plain','','','151021_152551_cid.txt'),(205,240,'image/png','','','151021_153129_cid.png'),(206,240,'application/octet-stream','','','151021_153129_cid.root'),(207,240,'text/plain','','','151021_153129_cid.txt'),(208,241,'image/png','','','151021_155810_lnk.png'),(209,241,'application/octet-stream','','','151021_155810_lnk.root'),(210,241,'text/plain','','','151021_155810_lnk.txt'),(211,242,'image/png','','','151021_161117_lnk.png'),(212,242,'application/octet-stream','','','151021_161117_lnk.root'),(213,242,'text/plain','','','151021_161117_lnk.txt'),(214,244,'image/png','','','151022_112255_lnk.png'),(215,244,'application/octet-stream','','','151022_112255_lnk.root'),(216,244,'text/plain','','','151022_112255_lnk.txt'),(217,256,'image/png','','','151022_144755_cid.png'),(218,256,'application/octet-stream','','','151022_144755_cid.root'),(219,256,'text/plain','','','151022_144755_cid.txt'),(220,264,'image/png','','','151026_172047_reg.png'),(221,264,'application/octet-stream','','','151026_172047_reg.root'),(222,264,'text/plain','','','151026_172047_reg.txt'),(223,265,'image/png','','','151026_181015_ped.png'),(224,265,'application/octet-stream','','','151026_181015_ped.root'),(225,265,'text/plain','','','151026_181015_ped.txt'),(226,267,'image/png','','','151026_181643_cid.png'),(227,267,'application/octet-stream','','','151026_181643_cid.root'),(228,267,'text/plain','','','151026_181643_cid.txt'),(229,268,'image/png','','','151026_182546_lnk.png'),(230,268,'application/octet-stream','','','151026_182546_lnk.root'),(231,268,'text/plain','','','151026_182546_lnk.txt'),(232,283,'image/png','image','','151027_115757_reg.png'),(233,283,'application/octet-stream','ROOT','','151027_115757_reg.root'),(234,283,'text/plain','log','','151027_115757_reg.txt'),(235,284,'image/png','image','','151027_133421_reg.png'),(236,284,'application/octet-stream','ROOT','','151027_133421_reg.root'),(237,284,'text/plain','txt','','151027_133421_reg.txt'),(238,285,'image/png','','','151027_134124_reg.png'),(239,285,'application/octet-stream','','','151027_134124_reg.root'),(240,285,'text/plain','log','','151027_134124_reg.txt'),(241,293,'image/png','','','151027_142510_reg.png'),(242,293,'application/octet-stream','','','151027_142510_reg.root'),(243,293,'text/plain','log','','151027_142510_reg.txt'),(244,294,'image/png','','','151027_142736_reg.png'),(245,294,'application/octet-stream','','','151027_142736_reg.root'),(246,294,'text/plain','log','','151027_142736_reg.txt'),(247,295,'image/png','','','151027_151206_ped.png'),(248,295,'application/octet-stream','','','151027_151206_ped.root'),(249,295,'text/plain','log','','151027_151206_ped.txt'),(250,296,'image/png','','','151027_151245_cid.png'),(251,296,'application/octet-stream','','','151027_151245_cid.root'),(252,296,'text/plain','log','','151027_151245_cid.txt'),(253,298,'image/png','','','151027_152705_lnk.png'),(254,298,'application/octet-stream','','','151027_152705_lnk.root'),(255,298,'text/plain','log','','151027_152705_lnk.txt'),(256,299,'image/png','','','151027_154030_ici.png'),(257,299,'application/octet-stream','','','151027_154030_ici.root'),(258,299,'text/plain','','','151027_154030_ici.txt'),(259,300,'image/png','','','151027_161504_ped.png'),(260,300,'application/octet-stream','','','151027_161504_ped.root'),(261,300,'text/plain','log','','151027_161504_ped.txt'),(262,301,'image/png','','','151027_161543_cid.png'),(263,301,'application/octet-stream','','','151027_161543_cid.root'),(264,301,'text/plain','','','151027_161543_cid.txt'),(265,302,'image/png','','','151027_162318_lnk.png'),(266,302,'application/octet-stream','','','151027_162318_lnk.root'),(267,302,'text/plain','','','151027_162318_lnk.txt'),(268,304,'image/png','','','151027_163926_ped.png'),(269,304,'application/octet-stream','','','151027_163926_ped.root'),(270,304,'text/plain','log','','151027_163926_ped.txt'),(271,305,'image/png','','','151027_164024_cid.png'),(272,305,'application/octet-stream','','','151027_164024_cid.root'),(273,305,'text/plain','','','151027_164024_cid.txt'),(274,306,'image/png','','','151027_164700_lnk.png'),(275,306,'application/octet-stream','','','151027_164700_lnk.root'),(276,306,'text/plain','','','151027_164700_lnk.txt'),(277,308,'image/png','','','151027_165402_ici.png'),(278,308,'application/octet-stream','','','151027_165402_ici.root'),(279,308,'text/plain','','','151027_165402_ici.txt'),(280,309,'image/png','','','151030_172348_lnk.png'),(281,309,'application/octet-stream','','','151030_172348_lnk.root'),(282,309,'text/plain','','','151030_172348_lnk.txt'),(283,310,'image/png','','','151030_173222_ped.png'),(284,310,'application/octet-stream','','','151030_173222_ped.root'),(285,310,'text/plain','','','151030_173222_ped.txt'),(286,311,'image/png','','','151030_173448_cid.png'),(287,311,'application/octet-stream','','','151030_173448_cid.root'),(288,311,'text/plain','','','151030_173448_cid.txt'),(289,632,'image/png','','','151105_122519_lnk.png'),(290,632,'application/octet-stream','','','151105_122519_lnk.root'),(291,632,'text/plain','','','151105_122519_lnk.txt'),(292,650,'image/png','','','151106_121853_lnk.png'),(293,650,'application/octet-stream','','','151106_121853_lnk.root'),(294,650,'text/plain','','','151106_121853_lnk.txt'),(295,651,'image/png','','','151106_123151_ped.png'),(296,651,'application/octet-stream','','','151106_123151_ped.root'),(297,651,'text/plain','','','151106_123151_ped.txt'),(298,652,'image/png','','','151106_123439_cid.png'),(299,652,'application/octet-stream','','','151106_123439_cid.root'),(300,652,'text/plain','','','151106_123439_cid.txt'),(301,654,'image/png','','','151106_151905_lnk.png'),(302,654,'application/octet-stream','','','151106_151905_lnk.root'),(303,654,'text/plain','','','151106_151905_lnk.txt'),(304,655,'image/png','','','151109_111607_ped.png'),(305,655,'application/octet-stream','','','151109_111607_ped.root'),(306,655,'text/plain','','','151109_111607_ped.txt'),(307,658,'image/png','','','151109_112505_cid.png'),(308,658,'application/octet-stream','','','151109_112505_cid.root'),(309,658,'text/plain','','','151109_112505_cid.txt'),(310,660,'image/png','','','151109_113351_lnk.png'),(311,660,'application/octet-stream','','','151109_113351_lnk.root'),(312,660,'text/plain','','','151109_113351_lnk.txt'),(313,661,'image/png','','','151109_120633_ped.png'),(314,661,'application/octet-stream','','','151109_120633_ped.root'),(315,661,'text/plain','','','151109_120633_ped.txt'),(316,664,'image/png','','','151109_120731_cid.png'),(317,664,'application/octet-stream','','','151109_120731_cid.root'),(318,664,'text/plain','','','151109_120731_cid.txt'),(319,665,'image/png','','','151109_121025_lnk.png'),(320,665,'application/octet-stream','','','151109_121025_lnk.root'),(321,665,'text/plain','','','151109_121025_lnk.txt'),(322,668,'image/png','','','151109_121827_ped.png'),(323,668,'application/octet-stream','','','151109_121827_ped.root'),(324,668,'text/plain','','','151109_121827_ped.txt'),(325,671,'image/png','','','151109_121854_cid.png'),(326,671,'application/octet-stream','','','151109_121854_cid.root'),(327,671,'text/plain','','','151109_121854_cid.txt'),(328,672,'image/png','','','151109_122124_lnk.png'),(329,672,'application/octet-stream','','','151109_122124_lnk.root'),(330,672,'text/plain','','','151109_122124_lnk.txt'),(331,673,'image/png','','','151109_122625_ped.png'),(332,673,'application/octet-stream','','','151109_122625_ped.root'),(333,673,'text/plain','','','151109_122625_ped.txt'),(334,677,'image/png','','','151109_122916_cid.png'),(335,677,'application/octet-stream','','','151109_122916_cid.root'),(336,677,'text/plain','','','151109_122916_cid.txt'),(337,678,'image/png','','','151109_133317_lnk.png'),(338,678,'application/octet-stream','','','151109_133317_lnk.root'),(339,678,'text/plain','','','151109_133317_lnk.txt'),(340,680,'image/png','','','151109_135056_ped.png'),(341,680,'application/octet-stream','','','151109_135056_ped.root'),(342,680,'text/plain','','','151109_135056_ped.txt'),(343,683,'image/png','','','151109_135208_cid.png'),(344,683,'application/octet-stream','','','151109_135208_cid.root'),(345,683,'text/plain','','','151109_135208_cid.txt'),(346,684,'image/png','','','151109_142735_lnk.png'),(347,684,'application/octet-stream','','','151109_142735_lnk.root'),(348,684,'text/plain','','','151109_142735_lnk.txt'),(349,685,'image/png','','','151109_143737_ped.png'),(350,685,'application/octet-stream','','','151109_143737_ped.root'),(351,685,'text/plain','','','151109_143737_ped.txt'),(352,688,'image/png','','','151109_144301_cid.png'),(353,688,'application/octet-stream','','','151109_144301_cid.root'),(354,688,'text/plain','','','151109_144301_cid.txt'),(355,689,'image/png','','','151109_144905_lnk.png'),(356,689,'application/octet-stream','','','151109_144905_lnk.root'),(357,689,'text/plain','','','151109_144905_lnk.txt'),(358,691,'image/png','','','151109_141400_reg.png'),(359,691,'application/octet-stream','','','151109_141400_reg.root'),(360,691,'text/plain','','','151109_141400_reg.txt'),(361,692,'image/png','','','151109_145910_ped.png'),(362,692,'application/octet-stream','','','151109_145910_ped.root'),(363,692,'text/plain','','','151109_145910_ped.txt'),(364,693,'image/png','','','151109_144225_reg.png'),(365,693,'application/octet-stream','','','151109_144225_reg.root'),(366,693,'text/plain','','','151109_144225_reg.txt'),(367,694,'image/png','','','151109_144312_reg.png'),(368,694,'application/octet-stream','','','151109_144312_reg.root'),(369,694,'text/plain','','','151109_144312_reg.txt'),(370,695,'image/png','','','151109_151155_ped.png'),(371,695,'application/octet-stream','','','151109_151155_ped.root'),(372,695,'text/plain','','','151109_151155_ped.txt'),(373,698,'image/png','','','151109_151639_cid.png'),(374,698,'application/octet-stream','','','151109_151639_cid.root'),(375,698,'text/plain','','','151109_151639_cid.txt'),(376,699,'image/png','','','151109_152020_lnk.png'),(377,699,'application/octet-stream','','','151109_152020_lnk.root'),(378,699,'text/plain','','','151109_152020_lnk.txt'),(379,701,'image/png','','','151109_152836_ped.png'),(380,701,'application/octet-stream','','','151109_152836_ped.root'),(381,701,'text/plain','','','151109_152836_ped.txt'),(382,704,'image/png','','','151109_152956_cid.png'),(383,704,'application/octet-stream','','','151109_152956_cid.root'),(384,704,'text/plain','','','151109_152956_cid.txt'),(385,705,'image/png','','','151109_153624_lnk.png'),(386,705,'application/octet-stream','','','151109_153624_lnk.root'),(387,705,'text/plain','','','151109_153624_lnk.txt'),(388,706,'image/png','','','151109_151459_reg.png'),(389,706,'application/octet-stream','','','151109_151459_reg.root'),(390,706,'text/plain','','','151109_151459_reg.txt'),(391,707,'image/png','','','151109_151748_reg.png'),(392,707,'application/octet-stream','','','151109_151748_reg.root'),(393,707,'text/plain','','','151109_151748_reg.txt'),(394,708,'image/png','','','151109_154340_ped.png'),(395,708,'application/octet-stream','','','151109_154340_ped.root'),(396,708,'text/plain','','','151109_154340_ped.txt'),(397,711,'image/png','','','151109_154515_cid.png'),(398,711,'application/octet-stream','','','151109_154515_cid.root'),(399,711,'text/plain','','','151109_154515_cid.txt'),(400,713,'image/png','','','151109_154904_lnk.png'),(401,713,'application/octet-stream','','','151109_154904_lnk.root'),(402,713,'text/plain','','','151109_154904_lnk.txt'),(403,714,'image/png','','','151109_155411_ped.png'),(404,714,'application/octet-stream','','','151109_155411_ped.root'),(405,714,'text/plain','','','151109_155411_ped.txt'),(406,717,'image/png','','','151109_155543_cid.png'),(407,717,'application/octet-stream','','','151109_155543_cid.root'),(408,717,'text/plain','','','151109_155543_cid.txt'),(409,718,'image/png','','','151109_155927_lnk.png'),(410,718,'application/octet-stream','','','151109_155927_lnk.root'),(411,718,'text/plain','','','151109_155927_lnk.txt'),(412,721,'image/png','','','151109_155411_ped.png'),(413,721,'application/octet-stream','','','151109_155411_ped.root'),(414,721,'text/plain','','','151109_155411_ped.txt'),(415,723,'image/png','','','151109_155927_lnk.png'),(416,723,'application/octet-stream','','','151109_155927_lnk.root'),(417,723,'text/plain','','','151109_155927_lnk.txt'),(418,724,'image/png','','','151109_155543_cid.png'),(419,724,'application/octet-stream','','','151109_155543_cid.root'),(420,724,'text/plain','','','151109_155543_cid.txt'),(421,725,'image/png','','','151109_154908_reg.png'),(422,725,'application/octet-stream','','','151109_154908_reg.root'),(423,725,'text/plain','','','151109_154908_reg.txt'),(424,726,'image/png','','','151109_161151_ped.png'),(425,726,'application/octet-stream','','','151109_161151_ped.root'),(426,726,'text/plain','','','151109_161151_ped.txt'),(427,729,'image/png','','','151109_161405_cid.png'),(428,729,'application/octet-stream','','','151109_161405_cid.root'),(429,729,'text/plain','','','151109_161405_cid.txt'),(430,730,'image/png','','','151109_161937_lnk.png'),(431,730,'application/octet-stream','','','151109_161937_lnk.root'),(432,730,'text/plain','','','151109_161937_lnk.txt'),(433,731,'image/png','','','151109_162423_ped.png'),(434,731,'application/octet-stream','','','151109_162423_ped.root'),(435,731,'text/plain','','','151109_162423_ped.txt'),(436,734,'image/png','','','151109_162553_cid.png'),(437,734,'application/octet-stream','','','151109_162553_cid.root'),(438,734,'text/plain','','','151109_162553_cid.txt'),(439,735,'image/png','','','151109_162934_lnk.png'),(440,735,'application/octet-stream','','','151109_162934_lnk.root'),(441,735,'text/plain','','','151109_162934_lnk.txt'),(442,736,'image/png','','','151109_161045_reg.png'),(443,736,'application/octet-stream','','','151109_161045_reg.root'),(444,736,'text/plain','','','151109_161045_reg.txt'),(445,737,'image/png','','','151109_163336_ped.png'),(446,737,'application/octet-stream','','','151109_163336_ped.root'),(447,737,'text/plain','','','151109_163336_ped.txt'),(448,740,'image/png','','','151109_163619_cid.png'),(449,740,'application/octet-stream','','','151109_163619_cid.root'),(450,740,'text/plain','','','151109_163619_cid.txt'),(451,742,'image/png','','','151109_164142_lnk.png'),(452,742,'application/octet-stream','','','151109_164142_lnk.root'),(453,742,'text/plain','','','151109_164142_lnk.txt'),(454,743,'image/png','','','151109_162206_reg.png'),(455,743,'application/octet-stream','','','151109_162206_reg.root'),(456,743,'text/plain','','','151109_162206_reg.txt'),(457,744,'image/png','','','151109_164803_ped.png'),(458,744,'application/octet-stream','','','151109_164803_ped.root'),(459,744,'text/plain','','','151109_164803_ped.txt'),(460,748,'image/png','','','151109_164940_cid.png'),(461,748,'application/octet-stream','','','151109_164940_cid.root'),(462,748,'text/plain','','','151109_164940_cid.txt'),(463,749,'image/png','','','151109_165354_lnk.png'),(464,749,'application/octet-stream','','','151109_165354_lnk.root'),(465,749,'text/plain','','','151109_165354_lnk.txt'),(466,750,'image/png','','','151109_164803_ped.png'),(467,750,'application/octet-stream','','','151109_164803_ped.root'),(468,750,'text/plain','','','151109_164803_ped.txt'),(469,754,'image/png','','','151109_165812_ped.png'),(470,754,'application/octet-stream','','','151109_165812_ped.root'),(471,754,'text/plain','','','151109_165812_ped.txt'),(472,755,'image/png','','','151109_170228_cid.png'),(473,755,'application/octet-stream','','','151109_170228_cid.root'),(474,755,'text/plain','','','151109_170228_cid.txt'),(475,756,'image/png','','','151109_170553_lnk.png'),(476,756,'application/octet-stream','','','151109_170553_lnk.root'),(477,756,'text/plain','','','151109_170553_lnk.txt'),(478,758,'image/png','','','151109_170944_ped.png'),(479,758,'application/octet-stream','','','151109_170944_ped.root'),(480,758,'text/plain','','','151109_170944_ped.txt'),(481,761,'image/png','','','151109_171056_cid.png'),(482,761,'application/octet-stream','','','151109_171056_cid.root'),(483,761,'text/plain','','','151109_171056_cid.txt'),(484,762,'image/png','','','151109_165150_reg.png'),(485,762,'application/octet-stream','','','151109_165150_reg.root'),(486,762,'text/plain','','','151109_165150_reg.txt'),(487,763,'image/png','','','151109_171412_lnk.png'),(488,763,'application/octet-stream','','','151109_171412_lnk.root'),(489,763,'text/plain','','','151109_171412_lnk.txt'),(490,764,'image/png','','','151109_165447_reg.png'),(491,764,'application/octet-stream','','','151109_165447_reg.root'),(492,764,'text/plain','','','151109_165447_reg.txt'),(493,767,'image/png','','','151109_172352_ped.png'),(494,767,'application/octet-stream','','','151109_172352_ped.root'),(495,767,'text/plain','','','151109_172352_ped.txt'),(496,770,'image/png','','','151109_172526_cid.png'),(497,770,'application/octet-stream','','','151109_172526_cid.root'),(498,770,'text/plain','','','151109_172526_cid.txt'),(499,771,'image/png','','','151109_172820_lnk.png'),(500,771,'application/octet-stream','','','151109_172820_lnk.root'),(501,771,'text/plain','','','151109_172820_lnk.txt'),(502,773,'image/png','','','151109_173451_ped.png'),(503,773,'application/octet-stream','','','151109_173451_ped.root'),(504,773,'text/plain','','','151109_173451_ped.txt'),(505,776,'image/png','','','151109_171604_reg.png'),(506,776,'application/octet-stream','','','151109_171604_reg.root'),(507,776,'text/plain','','','151109_171604_reg.txt'),(508,779,'image/png','','','151109_173646_cid.png'),(509,779,'application/octet-stream','','','151109_173646_cid.root'),(510,779,'text/plain','','','151109_173646_cid.txt'),(511,780,'image/png','','','151109_175556_lnk.png'),(512,780,'application/octet-stream','','','151109_175556_lnk.root'),(513,780,'text/plain','','','151109_175556_lnk.txt'),(514,782,'image/png','','','151109_180341_ped.png'),(515,782,'application/octet-stream','','','151109_180341_ped.root'),(516,782,'text/plain','','','151109_180341_ped.txt'),(517,785,'image/png','','','151109_180432_cid.png'),(518,785,'application/octet-stream','','','151109_180432_cid.root'),(519,785,'text/plain','','','151109_180432_cid.txt'),(520,786,'image/png','','','151109_180742_lnk.png'),(521,786,'application/octet-stream','','','151109_180742_lnk.root'),(522,786,'text/plain','','','151109_180742_lnk.txt'),(523,788,'image/png','','','151109_181216_ped.png'),(524,788,'application/octet-stream','','','151109_181216_ped.root'),(525,788,'text/plain','','','151109_181216_ped.txt'),(526,791,'image/png','','','151109_181734_cid.png'),(527,791,'application/octet-stream','','','151109_181734_cid.root'),(528,791,'text/plain','','','151109_181734_cid.txt'),(529,792,'image/png','','','151109_182106_lnk.png'),(530,792,'application/octet-stream','','','151109_182106_lnk.root'),(531,792,'text/plain','','','151109_182106_lnk.txt'),(532,795,'image/png','','','151110_132834_ped.png'),(533,795,'application/octet-stream','','','151110_132834_ped.root'),(534,795,'text/plain','','','151110_132834_ped.txt'),(535,798,'image/png','','','151110_132956_cid.png'),(536,798,'application/octet-stream','','','151110_132956_cid.root'),(537,798,'text/plain','','','151110_132956_cid.txt'),(538,799,'image/png','','','151110_133229_lnk.png'),(539,799,'application/octet-stream','','','151110_133229_lnk.root'),(540,799,'text/plain','','','151110_133229_lnk.txt'),(541,800,'image/png','','','151110_134241_ped.png'),(542,800,'application/octet-stream','','','151110_134241_ped.root'),(543,800,'text/plain','','','151110_134241_ped.txt'),(544,803,'image/png','','','151110_134319_cid.png'),(545,803,'application/octet-stream','','','151110_134319_cid.root'),(546,803,'text/plain','','','151110_134319_cid.txt'),(547,804,'image/png','','','151110_134608_lnk.png'),(548,804,'application/octet-stream','','','151110_134608_lnk.root'),(549,804,'text/plain','','','151110_134608_lnk.txt'),(550,805,'image/png','','','151110_135022_ped.png'),(551,805,'application/octet-stream','','','151110_135022_ped.root'),(552,805,'text/plain','','','151110_135022_ped.txt'),(553,808,'image/png','','','151110_135136_cid.png'),(554,808,'application/octet-stream','','','151110_135136_cid.root'),(555,808,'text/plain','','','151110_135136_cid.txt'),(556,809,'image/png','','','151110_135547_lnk.png'),(557,809,'application/octet-stream','','','151110_135547_lnk.root'),(558,809,'text/plain','','','151110_135547_lnk.txt'),(559,810,'image/png','','','151110_141239_ped.png'),(560,810,'application/octet-stream','','','151110_141239_ped.root'),(561,810,'text/plain','','','151110_141239_ped.txt'),(562,813,'image/png','','','151110_141312_cid.png'),(563,813,'application/octet-stream','','','151110_141312_cid.root'),(564,813,'text/plain','','','151110_141312_cid.txt'),(565,814,'image/png','','','151110_141607_lnk.png'),(566,814,'application/octet-stream','','','151110_141607_lnk.root'),(567,814,'text/plain','','','151110_141607_lnk.txt'),(568,815,'image/png','','','151110_135643_reg.png'),(569,815,'application/octet-stream','','','151110_135643_reg.root'),(570,815,'text/plain','','','151110_135643_reg.txt'),(571,817,'image/png','','','151110_143451_ped.png'),(572,817,'application/octet-stream','','','151110_143451_ped.root'),(573,817,'text/plain','','','151110_143451_ped.txt'),(574,820,'image/png','','','151110_143609_cid.png'),(575,820,'application/octet-stream','','','151110_143609_cid.root'),(576,820,'text/plain','','','151110_143609_cid.txt'),(577,821,'image/png','','','151110_143929_lnk.png'),(578,821,'application/octet-stream','','','151110_143929_lnk.root'),(579,821,'text/plain','','','151110_143929_lnk.txt'),(580,822,'image/png','','','151110_143929_lnk.png'),(581,822,'application/octet-stream','','','151110_143929_lnk.root'),(582,822,'text/plain','','','151110_143929_lnk.txt'),(583,823,'image/png','','','151110_142340_reg.png'),(584,823,'application/octet-stream','','','151110_142340_reg.root'),(585,823,'text/plain','','','151110_142340_reg.txt'),(586,824,'image/png','','','151110_144852_ped.png'),(587,824,'application/octet-stream','','','151110_144852_ped.root'),(588,824,'text/plain','','','151110_144852_ped.txt'),(589,827,'image/png','','','151110_144929_cid.png'),(590,827,'application/octet-stream','','','151110_144929_cid.root'),(591,827,'text/plain','','','151110_144929_cid.txt'),(592,828,'image/png','','','151110_145303_lnk.png'),(593,828,'application/octet-stream','','','151110_145303_lnk.root'),(594,828,'text/plain','','','151110_145303_lnk.txt'),(595,830,'image/png','','','151110_150931_ped.png'),(596,830,'application/octet-stream','','','151110_150931_ped.root'),(597,830,'text/plain','','','151110_150931_ped.txt'),(598,833,'image/png','','','151110_151017_cid.png'),(599,833,'application/octet-stream','','','151110_151017_cid.root'),(600,833,'text/plain','','','151110_151017_cid.txt'),(601,834,'image/png','','','151110_151435_lnk.png'),(602,834,'application/octet-stream','','','151110_151435_lnk.root'),(603,834,'text/plain','','','151110_151435_lnk.txt'),(604,836,'image/png','','','151110_152447_ped.png'),(605,836,'application/octet-stream','','','151110_152447_ped.root'),(606,836,'text/plain','','','151110_152447_ped.txt'),(607,839,'image/png','','','151110_152516_cid.png'),(608,839,'application/octet-stream','','','151110_152516_cid.root'),(609,839,'text/plain','','','151110_152516_cid.txt'),(610,840,'image/png','','','151110_152903_lnk.png'),(611,840,'application/octet-stream','','','151110_152903_lnk.root'),(612,840,'text/plain','','','151110_152903_lnk.txt'),(613,842,'image/png','','','151110_150501_reg.png'),(614,842,'application/octet-stream','','','151110_150501_reg.root'),(615,842,'text/plain','','','151110_150501_reg.txt'),(616,845,'image/png','','','151110_154706_ped.png'),(617,845,'application/octet-stream','','','151110_154706_ped.root'),(618,845,'text/plain','','','151110_154706_ped.txt'),(619,849,'image/png','','','151110_154736_cid.png'),(620,849,'application/octet-stream','','','151110_154736_cid.root'),(621,849,'text/plain','','','151110_154736_cid.txt'),(622,850,'image/png','','','151110_155026_lnk.png'),(623,850,'application/octet-stream','','','151110_155026_lnk.root'),(624,850,'text/plain','','','151110_155026_lnk.txt'),(625,851,'image/png','','','151110_152926_reg.png'),(626,851,'application/octet-stream','','','151110_152926_reg.root'),(627,851,'text/plain','','','151110_152926_reg.txt'),(628,852,'image/png','','','151110_155941_ped.png'),(629,852,'application/octet-stream','','','151110_155941_ped.root'),(630,852,'text/plain','','','151110_155941_ped.txt'),(631,856,'image/png','','','151110_160106_cid.png'),(632,856,'application/octet-stream','','','151110_160106_cid.root'),(633,856,'text/plain','','','151110_160106_cid.txt'),(634,857,'image/png','','','151110_160611_lnk.png'),(635,857,'application/octet-stream','','','151110_160611_lnk.root'),(636,857,'text/plain','','','151110_160611_lnk.txt'),(637,860,'image/png','','','151110_162352_ped.png'),(638,860,'application/octet-stream','','','151110_162352_ped.root'),(639,860,'text/plain','','','151110_162352_ped.txt'),(640,863,'image/png','','','151110_162557_cid.png'),(641,863,'application/octet-stream','','','151110_162557_cid.root'),(642,863,'text/plain','','','151110_162557_cid.txt'),(643,864,'image/png','','','151110_162928_lnk.png'),(644,864,'application/octet-stream','','','151110_162928_lnk.root'),(645,864,'text/plain','','','151110_162928_lnk.txt'),(646,866,'image/png','','','151110_160858_reg.png'),(647,866,'text/plain','','','151110_160858_reg.txt'),(648,868,'image/png','','','151110_160858_reg.png'),(649,868,'application/octet-stream','','','151110_160858_reg.root'),(650,868,'text/plain','','','151110_160858_reg.txt'),(651,870,'image/png','','','151110_163131_reg.png'),(652,870,'application/octet-stream','','','151110_163131_reg.root'),(653,870,'text/plain','','','151110_163131_reg.txt'),(654,872,'image/png','','','151110_163530_reg.png'),(655,872,'application/octet-stream','','','151110_163530_reg.root'),(656,872,'text/plain','','','151110_163530_reg.txt'),(657,873,'image/png','','','151110_165510_reg.png'),(658,873,'application/octet-stream','','','151110_165510_reg.root'),(659,873,'text/plain','','','151110_165510_reg.txt'),(660,875,'image/png','','','151110_170659_reg.png'),(661,875,'application/octet-stream','','','151110_170659_reg.root'),(662,875,'text/plain','','','151110_170659_reg.txt'),(663,876,'image/png','','','151110_175232_ped.png'),(664,876,'application/octet-stream','','','151110_175232_ped.root'),(665,876,'text/plain','','','151110_175232_ped.txt'),(666,879,'image/png','','','151110_175425_cid.png'),(667,879,'application/octet-stream','','','151110_175425_cid.root'),(668,879,'text/plain','','','151110_175425_cid.txt'),(669,880,'image/png','','','151110_175722_lnk.png'),(670,880,'application/octet-stream','','','151110_175722_lnk.root'),(671,880,'text/plain','','','151110_175722_lnk.txt'),(672,881,'image/png','','','151110_174954_reg.png'),(673,881,'application/octet-stream','','','151110_174954_reg.root'),(674,881,'text/plain','','','151110_174954_reg.txt'),(675,884,'image/png','','','151111_102953_ped.png'),(676,884,'application/octet-stream','','','151111_102953_ped.root'),(677,884,'text/plain','','','151111_102953_ped.txt'),(678,885,'image/png','','','151111_102953_ped.png'),(679,885,'application/octet-stream','','','151111_102953_ped.root'),(680,885,'text/plain','','','151111_102953_ped.txt'),(681,888,'image/png','','','151111_103040_cid.png'),(682,888,'application/octet-stream','','','151111_103040_cid.root'),(683,888,'text/plain','','','151111_103040_cid.txt'),(684,889,'image/png','','','151111_103652_lnk.png'),(685,889,'application/octet-stream','','','151111_103652_lnk.root'),(686,889,'text/plain','','','151111_103652_lnk.txt'),(687,890,'image/png','','','151111_104327_ped.png'),(688,890,'application/octet-stream','','','151111_104327_ped.root'),(689,890,'text/plain','','','151111_104327_ped.txt'),(690,893,'image/png','','','151111_104520_cid.png'),(691,893,'application/octet-stream','','','151111_104520_cid.root'),(692,893,'text/plain','','','151111_104520_cid.txt'),(693,894,'image/png','','','151111_104824_lnk.png'),(694,894,'application/octet-stream','','','151111_104824_lnk.root'),(695,894,'text/plain','','','151111_104824_lnk.txt'),(696,895,'image/png','','','151111_105248_ped.png'),(697,895,'application/octet-stream','','','151111_105248_ped.root'),(698,895,'text/plain','','','151111_105248_ped.txt'),(699,898,'image/png','','','151111_105713_cid.png'),(700,898,'application/octet-stream','','','151111_105713_cid.root'),(701,898,'text/plain','','','151111_105713_cid.txt'),(702,899,'image/png','','','151111_110253_lnk.png'),(703,899,'application/octet-stream','','','151111_110253_lnk.root'),(704,899,'text/plain','','','151111_110253_lnk.txt'),(705,901,'image/png','','','151111_113024_ped.png'),(706,901,'application/octet-stream','','','151111_113024_ped.root'),(707,901,'text/plain','','','151111_113024_ped.txt'),(708,904,'image/png','','','151111_113123_cid.png'),(709,904,'application/octet-stream','','','151111_113123_cid.root'),(710,904,'text/plain','','','151111_113123_cid.txt'),(711,905,'image/png','','','151111_113600_lnk.png'),(712,905,'application/octet-stream','','','151111_113600_lnk.root'),(713,905,'text/plain','','','151111_113600_lnk.txt'),(714,909,'image/png','','','151111_115846_ped.png'),(715,909,'application/octet-stream','','','151111_115846_ped.root'),(716,909,'text/plain','','','151111_115846_ped.txt'),(717,912,'image/png','','','151111_115943_cid.png'),(718,912,'application/octet-stream','','','151111_115943_cid.root'),(719,912,'text/plain','','','151111_115943_cid.txt'),(720,913,'image/png','','','151111_120229_lnk.png'),(721,913,'application/octet-stream','','','151111_120229_lnk.root'),(722,913,'text/plain','','','151111_120229_lnk.txt'),(723,918,'image/png','','','151111_122306_cid.png'),(724,918,'application/octet-stream','','','151111_122306_cid.root'),(725,918,'text/plain','','','151111_122306_cid.txt'),(726,919,'image/png','','','151111_122732_ped.png'),(727,919,'application/octet-stream','','','151111_122732_ped.root'),(728,919,'text/plain','','','151111_122732_ped.txt'),(729,920,'image/png','','','151111_122759_lnk.png'),(730,920,'application/octet-stream','','','151111_122759_lnk.root'),(731,920,'text/plain','','','151111_122759_lnk.txt'),(732,924,'image/png','','','151111_124545_cid.png'),(733,924,'application/octet-stream','','','151111_124545_cid.root'),(734,924,'text/plain','','','151111_124545_cid.txt'),(735,925,'image/png','','','151111_124852_ped.png'),(736,925,'application/octet-stream','','','151111_124852_ped.root'),(737,925,'text/plain','','','151111_124852_ped.txt'),(738,926,'image/png','','','151111_124936_lnk.png'),(739,926,'application/octet-stream','','','151111_124936_lnk.root'),(740,926,'text/plain','','','151111_124936_lnk.txt'),(741,930,'image/png','','','151111_130103_cid.png'),(742,930,'application/octet-stream','','','151111_130103_cid.root'),(743,930,'text/plain','','','151111_130103_cid.txt'),(744,931,'image/png','','','151111_130339_ped.png'),(745,931,'application/octet-stream','','','151111_130339_ped.root'),(746,931,'text/plain','','','151111_130339_ped.txt'),(747,933,'image/png','','','151111_130444_lnk.png'),(748,933,'application/octet-stream','','','151111_130444_lnk.root'),(749,933,'text/plain','','','151111_130444_lnk.txt'),(750,936,'image/png','','','151111_131451_cid.png'),(751,936,'application/octet-stream','','','151111_131451_cid.root'),(752,936,'text/plain','','','151111_131451_cid.txt'),(753,937,'image/png','','','151111_131735_ped.png'),(754,937,'application/octet-stream','','','151111_131735_ped.root'),(755,937,'text/plain','','','151111_131735_ped.txt'),(756,938,'image/png','','','151111_131815_lnk.png'),(757,938,'application/octet-stream','','','151111_131815_lnk.root'),(758,938,'text/plain','','','151111_131815_lnk.txt'),(759,940,'image/png','','','151111_134114_reg.png'),(760,940,'application/octet-stream','','','151111_134114_reg.root'),(761,940,'text/plain','','','151111_134114_reg.txt'),(762,941,'image/png','','','151111_140605_reg.png'),(763,941,'application/octet-stream','','','151111_140605_reg.root'),(764,941,'text/plain','','','151111_140605_reg.txt'),(765,943,'image/png','','','151111_142809_reg.png'),(766,943,'application/octet-stream','','','151111_142809_reg.root'),(767,943,'text/plain','','','151111_142809_reg.txt'),(768,944,'image/png','','','151111_145253_reg.png'),(769,944,'application/octet-stream','','','151111_145253_reg.root'),(770,944,'text/plain','','','151111_145253_reg.txt'),(771,946,'image/png','','','151111_151510_reg.png'),(772,946,'application/octet-stream','','','151111_151510_reg.root'),(773,946,'text/plain','','','151111_151510_reg.txt'),(774,953,'image/png','','','151112_124349_cid.png'),(775,953,'application/octet-stream','','','151112_124349_cid.root'),(776,953,'text/plain','','','151112_124349_cid.txt'),(777,954,'image/png','','','151112_124626_ped.png'),(778,954,'application/octet-stream','','','151112_124626_ped.root'),(779,954,'text/plain','','','151112_124626_ped.txt'),(780,955,'image/png','','','151112_125007_lnk.png'),(781,955,'application/octet-stream','','','151112_125007_lnk.root'),(782,955,'text/plain','','','151112_125007_lnk.txt'),(783,959,'image/png','','','151112_130053_cid.png'),(784,959,'application/octet-stream','','','151112_130053_cid.root'),(785,959,'text/plain','','','151112_130053_cid.txt'),(786,960,'image/png','','','151112_130442_ped.png'),(787,960,'application/octet-stream','','','151112_130442_ped.root'),(788,960,'text/plain','','','151112_130442_ped.txt'),(789,961,'image/png','','','151112_130523_lnk.png'),(790,961,'application/octet-stream','','','151112_130523_lnk.root'),(791,961,'text/plain','','','151112_130523_lnk.txt'),(792,966,'image/png','','','151112_132341_cid.png'),(793,966,'application/octet-stream','','','151112_132341_cid.root'),(794,966,'text/plain','','','151112_132341_cid.txt'),(795,967,'image/png','','','151112_132738_ped.png'),(796,967,'application/octet-stream','','','151112_132738_ped.root'),(797,967,'text/plain','','','151112_132738_ped.txt'),(798,968,'image/png','','','151112_132853_lnk.png'),(799,968,'application/octet-stream','','','151112_132853_lnk.root'),(800,968,'text/plain','','','151112_132853_lnk.txt'),(801,973,'image/png','','','151112_143124_cid.png'),(802,973,'application/octet-stream','','','151112_143124_cid.root'),(803,973,'text/plain','','','151112_143124_cid.txt'),(804,974,'image/png','','','151112_143448_ped.png'),(805,974,'application/octet-stream','','','151112_143448_ped.root'),(806,974,'text/plain','','','151112_143448_ped.txt'),(807,975,'image/png','','','151112_143707_lnk.png'),(808,975,'application/octet-stream','','','151112_143707_lnk.root'),(809,975,'text/plain','','','151112_143707_lnk.txt'),(810,976,'image/png','','','151112_144019_reg.png'),(811,976,'application/octet-stream','','','151112_144019_reg.root'),(812,976,'text/plain','','','151112_144019_reg.txt'),(813,979,'image/png','','','151112_150310_cid.png'),(814,979,'application/octet-stream','','','151112_150310_cid.root'),(815,979,'text/plain','','','151112_150310_cid.txt'),(816,981,'image/png','','','151112_150657_ped.png'),(817,981,'application/octet-stream','','','151112_150657_ped.root'),(818,981,'text/plain','','','151112_150657_ped.txt'),(819,982,'image/png','','','151112_150823_lnk.png'),(820,982,'application/octet-stream','','','151112_150823_lnk.root'),(821,982,'text/plain','','','151112_150823_lnk.txt'),(822,983,'image/png','','','151112_151345_ped.png'),(823,983,'application/octet-stream','','','151112_151345_ped.root'),(824,983,'text/plain','','','151112_151345_ped.txt'),(825,986,'image/png','','','151112_151530_cid.png'),(826,986,'application/octet-stream','','','151112_151530_cid.root'),(827,986,'text/plain','','','151112_151530_cid.txt'),(828,987,'image/png','','','151112_151907_lnk.png'),(829,987,'application/octet-stream','','','151112_151907_lnk.root'),(830,987,'text/plain','','','151112_151907_lnk.txt'),(831,991,'image/png','','','151112_152640_cid.png'),(832,991,'application/octet-stream','','','151112_152640_cid.root'),(833,991,'text/plain','','','151112_152640_cid.txt'),(834,992,'image/png','','','151112_144501_reg.png'),(835,992,'application/octet-stream','','','151112_144501_reg.root'),(836,992,'text/plain','','','151112_144501_reg.txt'),(837,993,'image/png','','','151112_152940_ped.png'),(838,993,'application/octet-stream','','','151112_152940_ped.root'),(839,993,'text/plain','','','151112_152940_ped.txt'),(840,994,'image/png','','','151112_153148_lnk.png'),(841,994,'application/octet-stream','','','151112_153148_lnk.root'),(842,994,'text/plain','','','151112_153148_lnk.txt'),(843,996,'image/png','','','151112_153139_reg.png'),(844,996,'application/octet-stream','','','151112_153139_reg.root'),(845,996,'text/plain','','','151112_153139_reg.txt'),(846,997,'image/png','','','151112_153457_reg.png'),(847,997,'application/octet-stream','','','151112_153457_reg.root'),(848,997,'text/plain','','','151112_153457_reg.txt'),(849,998,'image/png','','','151112_154344_reg.png'),(850,998,'application/octet-stream','','','151112_154344_reg.root'),(851,998,'text/plain','','','151112_154344_reg.txt'),(852,1002,'image/png','','','151112_155017_reg.png'),(853,1002,'application/octet-stream','','','151112_155017_reg.root'),(854,1002,'text/plain','','','151112_155017_reg.txt'),(855,1003,'image/png','','','151112_155742_cid.png'),(856,1003,'application/octet-stream','','','151112_155742_cid.root'),(857,1003,'text/plain','','','151112_155742_cid.txt'),(858,1004,'image/png','','','151112_160110_ped.png'),(859,1004,'application/octet-stream','','','151112_160110_ped.root'),(860,1004,'text/plain','','','151112_160110_ped.txt'),(861,1005,'image/png','','','151112_160334_lnk.png'),(862,1005,'application/octet-stream','','','151112_160334_lnk.root'),(863,1005,'text/plain','','','151112_160334_lnk.txt'),(864,1007,'image/png','','','151112_155651_reg.png'),(865,1007,'application/octet-stream','','','151112_155651_reg.root'),(866,1007,'text/plain','','','151112_155651_reg.txt'),(867,1010,'image/png','','','151112_160819_cid.png'),(868,1010,'application/octet-stream','','','151112_160819_cid.root'),(869,1010,'text/plain','','','151112_160819_cid.txt'),(870,1011,'image/png','','','151112_160155_reg.png'),(871,1011,'application/octet-stream','','','151112_160155_reg.root'),(872,1011,'text/plain','','','151112_160155_reg.txt'),(873,1012,'image/png','','','151112_161230_ped.png'),(874,1012,'application/octet-stream','','','151112_161230_ped.root'),(875,1012,'text/plain','','','151112_161230_ped.txt'),(876,1013,'image/png','','','151112_161347_lnk.png'),(877,1013,'application/octet-stream','','','151112_161347_lnk.root'),(878,1013,'text/plain','','','151112_161347_lnk.txt'),(879,1017,'image/png','','','151112_161820_cid.png'),(880,1017,'application/octet-stream','','','151112_161820_cid.root'),(881,1017,'text/plain','','','151112_161820_cid.txt'),(882,1018,'image/png','','','151112_162226_ped.png'),(883,1018,'application/octet-stream','','','151112_162226_ped.root'),(884,1018,'text/plain','','','151112_162226_ped.txt'),(885,1020,'image/png','','','151112_162323_lnk.png'),(886,1020,'application/octet-stream','','','151112_162323_lnk.root'),(887,1020,'text/plain','','','151112_162323_lnk.txt'),(888,1021,'image/png','','','151112_161617_reg.png'),(889,1021,'application/octet-stream','','','151112_161617_reg.root'),(890,1021,'text/plain','','','151112_161617_reg.txt'),(891,1022,'image/png','','','151112_161632_reg.png'),(892,1022,'application/octet-stream','','','151112_161632_reg.root'),(893,1022,'text/plain','','','151112_161632_reg.txt'),(894,1027,'image/png','','','151112_163021_reg.png'),(895,1027,'application/octet-stream','','','151112_163021_reg.root'),(896,1027,'text/plain','','','151112_163021_reg.txt'),(897,1028,'image/png','','','151112_163804_cid.png'),(898,1028,'application/octet-stream','','','151112_163804_cid.root'),(899,1028,'text/plain','','','151112_163804_cid.txt'),(900,1029,'image/png','','','151112_163040_reg.png'),(901,1029,'application/octet-stream','','','151112_163040_reg.root'),(902,1029,'text/plain','','','151112_163040_reg.txt'),(903,1031,'image/png','','','151112_164255_ped.png'),(904,1031,'application/octet-stream','','','151112_164255_ped.root'),(905,1031,'text/plain','','','151112_164255_ped.txt'),(906,1032,'image/png','','','151112_164426_lnk.png'),(907,1032,'application/octet-stream','','','151112_164426_lnk.root'),(908,1032,'text/plain','','','151112_164426_lnk.txt'),(909,1035,'image/png','','','151112_165836_reg.png'),(910,1035,'application/octet-stream','','','151112_165836_reg.root'),(911,1035,'text/plain','','','151112_165836_reg.txt'),(912,1037,'image/png','','','151112_165953_reg.png'),(913,1037,'application/octet-stream','','','151112_165953_reg.root'),(914,1037,'text/plain','','','151112_165953_reg.txt'),(915,1041,'image/png','','','151112_171552_cid.png'),(916,1041,'application/octet-stream','','','151112_171552_cid.root'),(917,1041,'text/plain','','','151112_171552_cid.txt'),(918,1042,'image/png','','','151112_170911_reg.png'),(919,1042,'application/octet-stream','','','151112_170911_reg.root'),(920,1042,'text/plain','','','151112_170911_reg.txt'),(921,1044,'image/png','','','151112_172110_ped.png'),(922,1044,'application/octet-stream','','','151112_172110_ped.root'),(923,1044,'text/plain','','','151112_172110_ped.txt'),(924,1045,'image/png','','','151112_172319_lnk.png'),(925,1045,'application/octet-stream','','','151112_172319_lnk.root'),(926,1045,'text/plain','','','151112_172319_lnk.txt'),(927,1047,'image/png','','','151112_171337_reg.png'),(928,1047,'application/octet-stream','','','151112_171337_reg.root'),(929,1047,'text/plain','','','151112_171337_reg.txt'),(930,1050,'image/png','','','151112_172010_reg.png'),(931,1050,'application/octet-stream','','','151112_172010_reg.root'),(932,1050,'text/plain','','','151112_172010_reg.txt'),(933,1051,'image/png','','','151112_173254_cid.png'),(934,1051,'application/octet-stream','','','151112_173254_cid.root'),(935,1051,'text/plain','','','151112_173254_cid.txt'),(936,1052,'image/png','','','151112_173543_ped.png'),(937,1052,'application/octet-stream','','','151112_173543_ped.root'),(938,1052,'text/plain','','','151112_173543_ped.txt'),(939,1054,'image/png','','','151112_173854_lnk.png'),(940,1054,'application/octet-stream','','','151112_173854_lnk.root'),(941,1054,'text/plain','','','151112_173854_lnk.txt'),(942,1055,'image/png','','','151112_173412_reg.png'),(943,1055,'application/octet-stream','','','151112_173412_reg.root'),(944,1055,'text/plain','','','151112_173412_reg.txt'),(945,1056,'image/png','','','151112_173509_reg.png'),(946,1056,'application/octet-stream','','','151112_173509_reg.root'),(947,1056,'text/plain','','','151112_173509_reg.txt'),(948,1058,'image/png','','','151112_174438_reg.png'),(949,1058,'application/octet-stream','','','151112_174438_reg.root'),(950,1058,'text/plain','','','151112_174438_reg.txt'),(951,1065,'image/png','','','151113_152523_reg.png'),(952,1065,'application/octet-stream','','','151113_152523_reg.root'),(953,1065,'text/plain','','','151113_152523_reg.txt'),(954,1067,'image/png','','','151117_151816_lnk.png'),(955,1067,'application/octet-stream','','','151117_151816_lnk.root'),(956,1067,'text/plain','','','151117_151816_lnk.txt'),(957,1068,'image/png','','','151117_151816_lnk.png'),(958,1068,'application/octet-stream','','','151117_151816_lnk.root'),(959,1068,'text/plain','','','151117_151816_lnk.txt'),(960,1070,'image/png','','','151118_155643_reg.png'),(961,1070,'application/octet-stream','','','151118_155643_reg.root'),(962,1070,'text/plain','','','151118_155643_reg.txt'),(963,1071,'image/png','','','151118_155659_reg.png'),(964,1071,'application/octet-stream','','','151118_155659_reg.root'),(965,1071,'text/plain','','','151118_155659_reg.txt'),(966,1072,'image/png','','','151118_160811_reg.png'),(967,1072,'application/octet-stream','','','151118_160811_reg.root'),(968,1072,'text/plain','','','151118_160811_reg.txt'),(969,1073,'image/png','','','151118_181048_reg.png'),(970,1073,'application/octet-stream','','','151118_181048_reg.root'),(971,1073,'text/plain','','','151118_181048_reg.txt'),(972,1074,'image/png','','','151118_173925_reg.png'),(973,1074,'application/octet-stream','','','151118_173925_reg.root'),(974,1074,'text/plain','','','151118_173925_reg.txt'),(975,1075,'image/png','','','151118_173932_reg.png'),(976,1075,'application/octet-stream','','','151118_173932_reg.root'),(977,1075,'text/plain','','','151118_173932_reg.txt'),(978,1076,'image/png','','','151118_173946_reg.png'),(979,1076,'application/octet-stream','','','151118_173946_reg.root'),(980,1076,'text/plain','','','151118_173946_reg.txt'),(981,1077,'image/png','','','151118_173917_reg.png'),(982,1077,'application/octet-stream','','','151118_173917_reg.root'),(983,1077,'text/plain','','','151118_173917_reg.txt'),(984,1078,'image/png','','','151118_173917_reg.png'),(985,1078,'application/octet-stream','','','151118_173917_reg.root'),(986,1078,'text/plain','','','151118_173917_reg.txt'),(987,1079,'image/png','','','151118_173952_reg.png'),(988,1079,'application/octet-stream','','','151118_173952_reg.root'),(989,1079,'text/plain','','','151118_173952_reg.txt'),(990,1080,'image/png','','','151119_155625_reg.png'),(991,1080,'application/octet-stream','','','151119_155625_reg.root'),(992,1080,'text/plain','','','151119_155625_reg.txt'),(993,1081,'image/png','','','151119_155731_reg.png'),(994,1081,'application/octet-stream','','','151119_155731_reg.root'),(995,1081,'text/plain','','','151119_155731_reg.txt'),(996,1082,'image/png','','','151119_155806_reg.png'),(997,1082,'application/octet-stream','','','151119_155806_reg.root'),(998,1082,'text/plain','','','151119_155806_reg.txt'),(999,1083,'image/png','','','151119_162136_reg.png'),(1000,1083,'application/octet-stream','','','151119_162136_reg.root'),(1001,1083,'text/plain','','','151119_162136_reg.txt'),(1002,1087,'image/png','','','151124_104751_reg.png'),(1003,1087,'application/octet-stream','','','151124_104751_reg.root'),(1004,1087,'text/plain','','','151124_104751_reg.txt'),(1005,1089,'image/png','','','151124_104859_reg.png'),(1006,1089,'application/octet-stream','','','151124_104859_reg.root'),(1007,1089,'text/plain','','','151124_104859_reg.txt'),(1008,1091,'image/png','','','151124_104842_reg.png'),(1009,1091,'application/octet-stream','','','151124_104842_reg.root'),(1010,1091,'text/plain','','','151124_104842_reg.txt'),(1011,1093,'image/png','','','151124_104800_reg.png'),(1012,1093,'application/octet-stream','','','151124_104800_reg.root'),(1013,1093,'text/plain','','','151124_104800_reg.txt'),(1014,1095,'image/png','','','151124_110454_reg.png'),(1015,1095,'application/octet-stream','','','151124_110454_reg.root'),(1016,1095,'text/plain','','','151124_110454_reg.txt'),(1017,1097,'image/png','','','151124_104914_reg.png'),(1018,1097,'application/octet-stream','','','151124_104914_reg.root'),(1019,1097,'text/plain','','','151124_104914_reg.txt'),(1020,1099,'image/png','','','151124_104808_reg.png'),(1021,1099,'application/octet-stream','','','151124_104808_reg.root'),(1022,1099,'text/plain','','','151124_104808_reg.txt'),(1023,1101,'image/png','','','151124_104814_reg.png'),(1024,1101,'application/octet-stream','','','151124_104814_reg.root'),(1025,1101,'text/plain','','','151124_104814_reg.txt'),(1026,1103,'image/png','','','151124_104826_reg.png'),(1027,1103,'application/octet-stream','','','151124_104826_reg.root'),(1028,1103,'text/plain','','','151124_104826_reg.txt'),(1029,1104,'image/png','','','151125_140637_reg.png'),(1030,1104,'application/octet-stream','','','151125_140637_reg.root'),(1031,1104,'text/plain','','','151125_140637_reg.txt'),(1032,1106,'image/png','','','151125_140658_reg.png'),(1033,1106,'application/octet-stream','','','151125_140658_reg.root'),(1034,1106,'text/plain','','','151125_140658_reg.txt'),(1035,1108,'image/png','','','151125_140736_reg.png'),(1036,1108,'application/octet-stream','','','151125_140736_reg.root'),(1037,1108,'text/plain','','','151125_140736_reg.txt'),(1038,1109,'image/png','','','151125_140757_reg.png'),(1039,1109,'application/octet-stream','','','151125_140757_reg.root'),(1040,1109,'text/plain','','','151125_140757_reg.txt'),(1041,1111,'image/png','','','151125_140831_reg.png'),(1042,1111,'application/octet-stream','','','151125_140831_reg.root'),(1043,1111,'text/plain','','','151125_140831_reg.txt'),(1044,1112,'image/png','','','151125_145622_reg.png'),(1045,1112,'application/octet-stream','','','151125_145622_reg.root'),(1046,1112,'text/plain','','','151125_145622_reg.txt'),(1047,1114,'image/png','','','151125_154310_lnk.png'),(1048,1114,'application/octet-stream','','','151125_154310_lnk.root'),(1049,1114,'text/plain','','','151125_154310_lnk.txt'),(1050,1115,'image/png','','','151125_154644_cid.png'),(1051,1115,'application/octet-stream','','','151125_154644_cid.root'),(1052,1115,'text/plain','','','151125_154644_cid.txt'),(1053,1116,'image/png','','','151125_155539_ped.png'),(1054,1116,'application/octet-stream','','','151125_155539_ped.root'),(1055,1116,'text/plain','','','151125_155539_ped.txt'),(1056,1117,'image/png','','','151125_155539_ped.png'),(1057,1117,'application/octet-stream','','','151125_155539_ped.root'),(1058,1117,'text/plain','','','151125_155539_ped.txt'),(1059,1122,'image/png','','','151125_160802_reg.png'),(1060,1122,'application/octet-stream','','','151125_160802_reg.root'),(1061,1122,'text/plain','','','151125_160802_reg.txt'),(1062,1171,'image/png','','','151127_135058_reg.png'),(1063,1171,'application/octet-stream','','','151127_135058_reg.root'),(1064,1171,'text/plain','','','151127_135058_reg.txt'),(1065,1173,'image/png','','','151127_135221_reg.png'),(1066,1173,'application/octet-stream','','','151127_135221_reg.root'),(1067,1173,'text/plain','','','151127_135221_reg.txt'),(1068,1174,'image/png','','','151127_135308_reg.png'),(1069,1174,'application/octet-stream','','','151127_135308_reg.root'),(1070,1174,'text/plain','','','151127_135308_reg.txt'),(1071,1175,'image/png','','','151127_135435_reg.png'),(1072,1175,'application/octet-stream','','','151127_135435_reg.root'),(1073,1175,'text/plain','','','151127_135435_reg.txt'),(1074,1176,'image/png','','','151127_135546_reg.png'),(1075,1176,'application/octet-stream','','','151127_135546_reg.root'),(1076,1176,'text/plain','','','151127_135546_reg.txt'),(1077,1177,'image/png','','','151127_135635_reg.png'),(1078,1177,'application/octet-stream','','','151127_135635_reg.root'),(1079,1177,'text/plain','','','151127_135635_reg.txt'),(1080,1179,'image/png','','','151127_141101_reg.png'),(1081,1179,'application/octet-stream','','','151127_141101_reg.root'),(1082,1179,'text/plain','','','151127_141101_reg.txt'),(1083,1180,'image/png','','','151127_141114_reg.png'),(1084,1180,'application/octet-stream','','','151127_141114_reg.root'),(1085,1180,'text/plain','','','151127_141114_reg.txt'),(1086,1183,'image/png','','','151127_143408_reg.png'),(1087,1183,'application/octet-stream','','','151127_143408_reg.root'),(1088,1183,'text/plain','','','151127_143408_reg.txt'),(1089,1185,'image/png','','','151127_143503_reg.png'),(1090,1185,'application/octet-stream','','','151127_143503_reg.root'),(1091,1185,'text/plain','','','151127_143503_reg.txt'),(1092,1186,'image/png','','','151127_143423_reg.png'),(1093,1186,'application/octet-stream','','','151127_143423_reg.root'),(1094,1186,'text/plain','','','151127_143423_reg.txt'),(1095,1187,'image/png','','','151127_143428_reg.png'),(1096,1187,'application/octet-stream','','','151127_143428_reg.root'),(1097,1187,'text/plain','','','151127_143428_reg.txt'),(1098,1188,'image/png','','','151127_143431_reg.png'),(1099,1188,'application/octet-stream','','','151127_143431_reg.root'),(1100,1188,'text/plain','','','151127_143431_reg.txt'),(1101,1189,'image/png','','','151127_143436_reg.png'),(1102,1189,'application/octet-stream','','','151127_143436_reg.root'),(1103,1189,'text/plain','','','151127_143436_reg.txt'),(1104,1190,'image/png','','','151127_144450_reg.png'),(1105,1190,'application/octet-stream','','','151127_144450_reg.root'),(1106,1190,'text/plain','','','151127_144450_reg.txt'),(1107,1192,'image/png','','','151127_144456_reg.png'),(1108,1192,'application/octet-stream','','','151127_144456_reg.root'),(1109,1192,'text/plain','','','151127_144456_reg.txt'),(1110,1193,'image/png','','','151127_144511_reg.png'),(1111,1193,'application/octet-stream','','','151127_144511_reg.root'),(1112,1193,'text/plain','','','151127_144511_reg.txt'),(1113,1194,'image/png','','','151127_144524_reg.png'),(1114,1194,'application/octet-stream','','','151127_144524_reg.root'),(1115,1194,'text/plain','','','151127_144524_reg.txt'),(1116,1196,'image/png','','','151127_151537_reg.png'),(1117,1196,'application/octet-stream','','','151127_151537_reg.root'),(1118,1196,'text/plain','','','151127_151537_reg.txt'),(1119,1197,'image/png','','','151127_151532_reg.png'),(1120,1197,'application/octet-stream','','','151127_151532_reg.root'),(1121,1197,'text/plain','','','151127_151532_reg.txt'),(1122,1198,'image/png','','','151127_151546_reg.png'),(1123,1198,'application/octet-stream','','','151127_151546_reg.root'),(1124,1198,'text/plain','','','151127_151546_reg.txt'),(1125,1200,'image/png','','','151127_151932_reg.png'),(1126,1200,'application/octet-stream','','','151127_151932_reg.root'),(1127,1200,'text/plain','','','151127_151932_reg.txt'),(1128,1201,'image/png','','','151127_152044_reg.png'),(1129,1201,'application/octet-stream','','','151127_152044_reg.root'),(1130,1201,'text/plain','','','151127_152044_reg.txt'),(1131,1202,'image/png','','','151127_151737_reg.png'),(1132,1202,'application/octet-stream','','','151127_151737_reg.root'),(1133,1202,'text/plain','','','151127_151737_reg.txt'),(1134,1204,'image/png','','','151127_153154_reg.png'),(1135,1204,'application/octet-stream','','','151127_153154_reg.root'),(1136,1204,'text/plain','','','151127_153154_reg.txt'),(1137,1205,'image/png','','','151127_153201_reg.png'),(1138,1205,'application/octet-stream','','','151127_153201_reg.root'),(1139,1205,'text/plain','','','151127_153201_reg.txt'),(1140,1208,'image/png','','','151127_161405_reg.png'),(1141,1208,'application/octet-stream','','','151127_161405_reg.root'),(1142,1208,'text/plain','','','151127_161405_reg.txt'),(1143,1209,'image/png','','','151127_161358_reg.png'),(1144,1209,'application/octet-stream','','','151127_161358_reg.root'),(1145,1209,'text/plain','','','151127_161358_reg.txt'),(1146,1210,'image/png','','','151127_161505_reg.png'),(1147,1210,'application/octet-stream','','','151127_161505_reg.root'),(1148,1210,'text/plain','','','151127_161505_reg.txt'),(1149,1211,'image/png','','','151127_161455_reg.png'),(1150,1211,'application/octet-stream','','','151127_161455_reg.root'),(1151,1211,'text/plain','','','151127_161455_reg.txt'),(1152,1212,'image/png','','','151127_161500_reg.png'),(1153,1212,'application/octet-stream','','','151127_161500_reg.root'),(1154,1212,'text/plain','','','151127_161500_reg.txt'),(1155,1213,'image/png','','','151127_161638_reg.png'),(1156,1213,'application/octet-stream','','','151127_161638_reg.root'),(1157,1213,'text/plain','','','151127_161638_reg.txt'),(1158,1214,'image/png','','','151127_162501_reg.png'),(1159,1214,'application/octet-stream','','','151127_162501_reg.root'),(1160,1214,'text/plain','','','151127_162501_reg.txt'),(1161,1215,'image/png','','','151127_162525_reg.png'),(1162,1215,'application/octet-stream','','','151127_162525_reg.root'),(1163,1215,'text/plain','','','151127_162525_reg.txt'),(1164,1216,'image/png','','','151127_162648_reg.png'),(1165,1216,'application/octet-stream','','','151127_162648_reg.root'),(1166,1216,'text/plain','','','151127_162648_reg.txt'),(1167,1217,'image/png','','','151127_162657_reg.png'),(1168,1217,'application/octet-stream','','','151127_162657_reg.root'),(1169,1217,'text/plain','','','151127_162657_reg.txt'),(1170,1221,'image/png','','','151127_173521_reg.png'),(1171,1221,'application/octet-stream','','','151127_173521_reg.root'),(1172,1221,'text/plain','','','151127_173521_reg.txt'),(1173,1222,'image/png','','','151127_173527_reg.png'),(1174,1222,'application/octet-stream','','','151127_173527_reg.root'),(1175,1222,'text/plain','','','151127_173527_reg.txt'),(1176,1223,'image/png','','','151127_173534_reg.png'),(1177,1223,'application/octet-stream','','','151127_173534_reg.root'),(1178,1223,'text/plain','','','151127_173534_reg.txt'),(1179,1224,'image/png','','','151127_173544_reg.png'),(1180,1224,'application/octet-stream','','','151127_173544_reg.root'),(1181,1224,'text/plain','','','151127_173544_reg.txt'),(1182,1225,'image/png','','','151127_173552_reg.png'),(1183,1225,'application/octet-stream','','','151127_173552_reg.root'),(1184,1225,'text/plain','','','151127_173552_reg.txt'),(1185,1226,'image/png','','','151127_173558_reg.png'),(1186,1226,'application/octet-stream','','','151127_173558_reg.root'),(1187,1226,'text/plain','','','151127_173558_reg.txt'),(1188,1228,'image/png','','','151127_174550_reg.png'),(1189,1228,'application/octet-stream','','','151127_174550_reg.root'),(1190,1228,'text/plain','','','151127_174550_reg.txt'),(1191,1229,'image/png','','','151127_174555_reg.png'),(1192,1229,'application/octet-stream','','','151127_174555_reg.root'),(1193,1229,'text/plain','','','151127_174555_reg.txt'),(1194,1230,'image/png','','','151127_174559_reg.png'),(1195,1230,'application/octet-stream','','','151127_174559_reg.root'),(1196,1230,'text/plain','','','151127_174559_reg.txt'),(1197,1231,'image/png','','','151127_174604_reg.png'),(1198,1231,'application/octet-stream','','','151127_174604_reg.root'),(1199,1231,'text/plain','','','151127_174604_reg.txt'),(1200,1233,'image/png','','','151127_174608_reg.png'),(1201,1233,'application/octet-stream','','','151127_174608_reg.root'),(1202,1233,'text/plain','','','151127_174608_reg.txt'),(1203,1234,'image/png','','','151127_174613_reg.png'),(1204,1234,'application/octet-stream','','','151127_174613_reg.root'),(1205,1234,'text/plain','','','151127_174613_reg.txt'),(1206,1239,'image/png','','','151129_120845_reg.png'),(1207,1239,'application/octet-stream','','','151129_120845_reg.root'),(1208,1239,'text/plain','','','151129_120845_reg.txt'),(1209,1240,'image/png','','','151129_120826_reg.png'),(1210,1240,'application/octet-stream','','','151129_120826_reg.root'),(1211,1240,'text/plain','','','151129_120826_reg.txt'),(1212,1241,'image/png','','','151129_124633_reg.png'),(1213,1241,'application/octet-stream','','','151129_124633_reg.root'),(1214,1241,'text/plain','','','151129_124633_reg.txt'),(1215,1242,'image/png','','','151129_124654_reg.png'),(1216,1242,'application/octet-stream','','','151129_124654_reg.root'),(1217,1242,'text/plain','','','151129_124654_reg.txt'),(1218,1243,'image/png','','','151129_124712_reg.png'),(1219,1243,'application/octet-stream','','','151129_124712_reg.root'),(1220,1243,'text/plain','','','151129_124712_reg.txt'),(1221,1244,'image/png','','','151129_124730_reg.png'),(1222,1244,'application/octet-stream','','','151129_124730_reg.root'),(1223,1244,'text/plain','','','151129_124730_reg.txt'),(1224,1245,'image/png','','','151129_124750_reg.png'),(1225,1245,'application/octet-stream','','','151129_124750_reg.root'),(1226,1245,'text/plain','','','151129_124750_reg.txt'),(1227,1246,'image/png','','','151129_124808_reg.png'),(1228,1246,'application/octet-stream','','','151129_124808_reg.root'),(1229,1246,'text/plain','','','151129_124808_reg.txt'),(1230,1247,'image/png','','','151129_124829_reg.png'),(1231,1247,'application/octet-stream','','','151129_124829_reg.root'),(1232,1247,'text/plain','','','151129_124829_reg.txt'),(1233,1248,'image/png','','','151129_130705_reg.png'),(1234,1248,'application/octet-stream','','','151129_130705_reg.root'),(1235,1248,'text/plain','','','151129_130705_reg.txt'),(1236,1249,'image/png','','','151129_124857_reg.png'),(1237,1249,'application/octet-stream','','','151129_124857_reg.root'),(1238,1249,'text/plain','','','151129_124857_reg.txt'),(1239,1251,'image/png','','','151129_124918_reg.png'),(1240,1251,'application/octet-stream','','','151129_124918_reg.root'),(1241,1251,'text/plain','','','151129_124918_reg.txt'),(1242,1252,'image/png','','','151129_124939_reg.png'),(1243,1252,'application/octet-stream','','','151129_124939_reg.root'),(1244,1252,'text/plain','','','151129_124939_reg.txt'),(1245,1253,'image/png','','','151129_135655_reg.png'),(1246,1253,'application/octet-stream','','','151129_135655_reg.root'),(1247,1253,'text/plain','','','151129_135655_reg.txt'),(1248,1254,'image/png','','','151129_135713_reg.png'),(1249,1254,'application/octet-stream','','','151129_135713_reg.root'),(1250,1254,'text/plain','','','151129_135713_reg.txt'),(1251,1255,'image/png','','','151129_135732_reg.png'),(1252,1255,'application/octet-stream','','','151129_135732_reg.root'),(1253,1255,'text/plain','','','151129_135732_reg.txt'),(1254,1256,'image/png','','','151129_135842_reg.png'),(1255,1256,'application/octet-stream','','','151129_135842_reg.root'),(1256,1256,'text/plain','','','151129_135842_reg.txt'),(1257,1257,'image/png','','','151129_135930_reg.png'),(1258,1257,'application/octet-stream','','','151129_135930_reg.root'),(1259,1257,'text/plain','','','151129_135930_reg.txt'),(1260,1258,'image/png','','','151129_135950_reg.png'),(1261,1258,'application/octet-stream','','','151129_135950_reg.root'),(1262,1258,'text/plain','','','151129_135950_reg.txt'),(1263,1259,'image/png','','','151129_140017_reg.png'),(1264,1259,'application/octet-stream','','','151129_140017_reg.root'),(1265,1259,'text/plain','','','151129_140017_reg.txt'),(1266,1260,'image/png','','','151129_144524_reg.png'),(1267,1260,'application/octet-stream','','','151129_144524_reg.root'),(1268,1260,'text/plain','','','151129_144524_reg.txt'),(1269,1261,'image/png','','','151129_144542_reg.png'),(1270,1261,'application/octet-stream','','','151129_144542_reg.root'),(1271,1261,'text/plain','','','151129_144542_reg.txt'),(1272,1262,'image/png','','','151129_144559_reg.png'),(1273,1262,'application/octet-stream','','','151129_144559_reg.root'),(1274,1262,'text/plain','','','151129_144559_reg.txt'),(1275,1263,'image/png','','','151129_144613_reg.png'),(1276,1263,'application/octet-stream','','','151129_144613_reg.root'),(1277,1263,'text/plain','','','151129_144613_reg.txt'),(1278,1264,'image/png','','','151129_144629_reg.png'),(1279,1264,'application/octet-stream','','','151129_144629_reg.root'),(1280,1264,'text/plain','','','151129_144629_reg.txt'),(1281,1265,'image/png','','','151129_144649_reg.png'),(1282,1265,'application/octet-stream','','','151129_144649_reg.root'),(1283,1265,'text/plain','','','151129_144649_reg.txt'),(1284,1266,'image/png','','','151129_144708_reg.png'),(1285,1266,'application/octet-stream','','','151129_144708_reg.root'),(1286,1266,'text/plain','','','151129_144708_reg.txt'),(1287,1267,'image/png','','','151129_144724_reg.png'),(1288,1267,'application/octet-stream','','','151129_144724_reg.root'),(1289,1267,'text/plain','','','151129_144724_reg.txt'),(1290,1268,'image/png','','','151129_144802_reg.png'),(1291,1268,'application/octet-stream','','','151129_144802_reg.root'),(1292,1268,'text/plain','','','151129_144802_reg.txt'),(1293,1270,'image/png','','','151129_153650_reg.png'),(1294,1270,'application/octet-stream','','','151129_153650_reg.root'),(1295,1270,'text/plain','','','151129_153650_reg.txt'),(1296,1271,'image/png','','','151129_155335_reg.png'),(1297,1271,'application/octet-stream','','','151129_155335_reg.root'),(1298,1271,'text/plain','','','151129_155335_reg.txt'),(1299,1272,'image/png','','','151129_161418_reg.png'),(1300,1272,'application/octet-stream','','','151129_161418_reg.root'),(1301,1272,'text/plain','','','151129_161418_reg.txt'),(1302,1276,'image/png','','','151129_165353_reg.png'),(1303,1276,'application/octet-stream','','','151129_165353_reg.root'),(1304,1276,'text/plain','','','151129_165353_reg.txt'),(1305,1277,'image/png','','','151129_165425_reg.png'),(1306,1277,'application/octet-stream','','','151129_165425_reg.root'),(1307,1277,'text/plain','','','151129_165425_reg.txt'),(1308,1278,'image/png','','','151129_165624_reg.png'),(1309,1278,'application/octet-stream','','','151129_165624_reg.root'),(1310,1278,'text/plain','','','151129_165624_reg.txt'),(1311,1280,'image/png','','','151129_172951_reg.png'),(1312,1280,'application/octet-stream','','','151129_172951_reg.root'),(1313,1280,'text/plain','','','151129_172951_reg.txt'),(1314,1281,'image/png','','','151129_174615_reg.png'),(1315,1281,'application/octet-stream','','','151129_174615_reg.root'),(1316,1281,'text/plain','','','151129_174615_reg.txt'),(1317,1283,'image/png','','','151130_143207_reg.png'),(1318,1283,'application/octet-stream','','','151130_143207_reg.root'),(1319,1283,'text/plain','','','151130_143207_reg.txt'),(1320,1284,'image/png','','','151130_143437_reg.png'),(1321,1284,'application/octet-stream','','','151130_143437_reg.root'),(1322,1284,'text/plain','','','151130_143437_reg.txt');
/*!40000 ALTER TABLE `Attachments` ENABLE KEYS */;
UNLOCK TABLES;

--
-- Table structure for table `Card`
--

DROP TABLE IF EXISTS `Card`;
/*!40101 SET @saved_cs_client     = @@character_set_client */;
/*!40101 SET character_set_client = utf8 */;
CREATE TABLE `Card` (
  `sn` bigint(20) unsigned DEFAULT NULL,
  `card_id` int(10) unsigned NOT NULL AUTO_INCREMENT,
  `unique_id` varchar(21) DEFAULT NULL,
  PRIMARY KEY (`card_id`),
  UNIQUE KEY `sn` (`sn`)
) ENGINE=InnoDB AUTO_INCREMENT=212 DEFAULT CHARSET=latin1;
/*!40101 SET character_set_client = @saved_cs_client */;

--
-- Dumping data for table `Card`
--

LOCK TABLES `Card` WRITE;
/*!40000 ALTER TABLE `Card` DISABLE KEYS */;
INSERT INTO `Card` VALUES (2,5,'cat'),(1,6,'0x9B32C370 0x67000000'),(3,7,NULL),(4,8,'0x000000 0x00004000'),(5,9,NULL),(7,10,'0x67000000 0x9b32c370'),(2147483647,11,NULL),(1234,18,NULL),(1234567890,26,NULL),(3040000000000500582,27,NULL),(3040000000000500583,28,'0xba000000 0xba253f70'),(3040000000000500584,30,'0xe0000000 0xba2a2d70'),(3040000000000500585,31,'0x4e000000 0xba2bc070'),(3040000000000500586,32,'0x87000000 0xba08df70'),(3040000000000500587,33,'0xda000000 0xba066470'),(3040000000000500588,34,NULL),(3040000000000500589,35,'0x38000000 0xba058370'),(3040000000000500581,36,'0x3e000000 0xba23eb70'),(3040000000000500590,37,NULL),(3040000000000500591,38,NULL),(3040000000000500592,39,'0xb0000000 0xba28d570'),(3040000000000500593,40,'0xe2000000 0xb9ee8870'),(3040000000000500594,41,'0xcd000000 0xba010370'),(3040000000000500595,42,NULL),(3040000000000500596,43,'0xc1000000 0xb8ec1c70'),(3040000000000500597,44,'0xea000000 0xba1ca670'),(3040000000000500598,45,'0xa9000000 0xb9fe8970'),(3040000000000500599,46,'0xad000000 0xba2a9070'),(3040000000000500600,47,'0xee000000 0xba0f2270'),(3040000000000500601,48,'0xba14 0xc07001a5'),(3040000000000500602,49,'0xc2000000 0xba03cd70'),(3040000000000500603,50,NULL),(3040000000000500604,51,NULL),(3040000000000500605,52,NULL),(3040000000000500606,53,'0xe3000000 0xba261770'),(3040000000000500607,54,NULL),(3040000000000500608,55,'0xe0000000 0xb9eca970'),(3040000000000500609,56,'0x94000000 0xba29c370'),(3040000000000500610,57,'0xce000000 0xba0d3970'),(3040000000000500611,58,'0x92000000 0xba244370'),(3040000000000500612,59,'0xb2000000 0xba274170'),(3040000000000500613,60,'0x20000000 0xba09fb70'),(3040000000000500614,61,'0x35000000 0xba1e0670'),(3040000000000500615,62,'0x46000000 0xb9fbd770'),(3040000000000500616,63,'0x6b000000 0xb9e62d70'),(3040000000000500617,64,'0x0c000000 0xb9e7ff70'),(3040000000000500618,65,'0xffffffff 0xffff0370'),(3040000000000500619,66,'0x46000000 0xba1f6a70'),(3040000000000500620,67,'0xb3000000 0xba04e470'),(3040000000000500621,68,'0xd4000000 0xba053670'),(3040000000000500622,69,'0x20000000 0xba055770'),(3040000000000500623,70,'0x77000000 0xba037b70'),(3040000000000500624,71,'0xd8000000 0xba15d570'),(3040000000000500625,72,'0x03000000 0xba009570'),(3040000000000500626,73,'0xc2000000 0xba282570'),(3040000000000500627,74,'0x6c000000 0xba09c370'),(3040000000000500628,75,'0xf3000000 0xba281170'),(3040000000000500629,76,'0x9c000000 0xb9f9d470'),(3040000000000500630,77,'0x14000000 0xba1ace70'),(3040000000000500631,78,'0x22000000 0xb9f63f70'),(3040000000000500632,79,'0xb4000000 0xba08f870'),(3040000000000500633,80,'0x3f000000 0xba169170'),(3040000000000500634,81,'0xb6000000 0xb9f07370'),(3040000000000500635,83,'0x8b000000 0xb9e7eb70'),(3040000000000500636,84,'0xba000000 0xb9ff9e70'),(3040000000000500637,85,'0x5c000000 0xba167c70'),(3040000000000500638,86,'0x09000000 0xba269770'),(3040000000000500639,87,'0x0c000000 0xba234970'),(3040000000000500640,88,NULL),(3040000000000500641,89,'0x4e000000 0xba267570'),(3040000000000500642,90,'0x2c000000 0xb9ee0770'),(3040000000000500643,91,'0x26000000 0xba233f70'),(3040000000000500644,92,'0x9f000000 0xba0d7670'),(3040000000000500645,93,'0x02000000 0xba275470'),(3040000000000500646,94,'0xa9000000 0xba015e70'),(3040000000000500647,95,'0xfd000000 0xba155f70'),(3040000000000500648,96,NULL),(3040000000000500649,97,'0x98000000 0xba0eed70'),(3040000000000500650,98,'0x4b000000 0xba18ca70'),(3040000000000500651,99,NULL),(3040000000000500652,100,'0x69000000 0xba0c1d70'),(3040000000000500653,101,'0x0c000000 0xb9ffbe70'),(3040000000000500654,102,'0x7d000000 0xb9e68070'),(3040000000000500655,103,'0x3c000000 0xba1bb270'),(3040000000000500656,104,'0x8a000000 0xba058570'),(3040000000000500657,105,'0xc9000000 0xba09ed70'),(3040000000000500658,106,'0x3e000000 0xba136970'),(3040000000000500659,107,'0x5e000000 0xb9f82870'),(3040000000000500660,108,'0x91000000 0xba287970'),(3040000000000500661,109,'0xa8000000 0xba280170'),(3040000000000500662,110,'0xa4000000 0xba113870'),(3040000000000500663,111,'0x19000000 0xba2bba70'),(3040000000000500664,112,NULL),(3040000000000500665,113,'0x1f000000 0xba182670'),(3040000000000500666,114,'0x2e000000 0xba10da70'),(3040000000000500667,115,'0xa0000000 0xba0f0970'),(3040000000000500668,116,'0x13000000 0xba246270'),(3040000000000500669,117,'0x02000000 0xba247f70'),(3040000000000500670,118,'0x0a000000 0xba0fdb70'),(3040000000000500671,119,'0x68000000 0xba29ee70'),(3040000000000500672,120,'0xa3000000 0xba256e70'),(3040000000000500673,121,'0xba000000 0xba0ce570'),(3040000000000500674,122,'0x23000000 0xb9f1f570'),(3040000000000500675,123,NULL),(3040000000000500676,124,'0x3b000000 0xba1b0270'),(3040000000000500677,125,'0x6f000000 0xb9efda70'),(3040000000000500678,126,'0x2f000000 0xba24b970'),(3040000000000500679,127,NULL),(3040000000000500680,128,'0x7a000000 0xb9f7a070'),(3040000000000500681,129,'0x37000000 0xba265f70'),(3040000000000500682,130,'0xbd000000 0xba162670'),(3040000000000500683,131,'0xd2000000 0xba10f770'),(3040000000000500684,132,'0x30000000 0xba166d70'),(3040000000000500685,133,'0xab000000 0xba0aae70'),(3040000000000500686,134,'0x83000000 0xba2ac070'),(3040000000000500687,135,'0xc3000000 0xba0efd70'),(3040000000000500688,136,'0x7e000000 0xba0d2c70'),(3040000000000500689,137,NULL),(3040000000000500690,138,'0x32000000 0xba05dc70'),(3040000000000500691,139,'0x24000000 0xb9f43870'),(3040000000000500692,140,NULL),(3040000000000500693,141,'0x34000000 0xba218670'),(3040000000000500694,142,'0x52000000 0xba0c7670'),(3040000000000500695,143,'0x7b000000 0xb9e93270'),(3040000000000500696,144,'0x08000000 0xba242070'),(3040000000000500697,145,'0x26000000 0xb9f36470'),(3040000000000500698,146,'0x78000000 0xb9ff7b70'),(3040000000000500699,147,'0x6a000000 0xba28e470'),(3040000000000500700,148,'0x5b000000 0xba09c270'),(3040000000000500701,149,'0x54000000 0xba06b970'),(3040000000000500702,150,NULL),(3040000000000500703,151,'0xdb000000 0xba27f370'),(3040000000000500704,152,'0xf5000000 0xba00e770'),(3040000000000500705,153,'0x20000000 0xba28e970'),(3040000000000500706,154,'0x23000000 0xb9f7a370'),(3040000000000500707,156,'0x62000000 0xba034070'),(3040000000000500708,157,NULL),(3040000000000500709,158,'0xeb000000 0xb9f37d70'),(3040000000000500710,159,'0xb0000000 0xba194e70'),(3040000000000500711,160,'0x11000000 0xba233e70'),(3040000000000500712,161,NULL),(3040000000000500713,162,'0xb6000000 0xba221a70'),(3040000000000500714,163,'0xd4000000 0xba10c270'),(3040000000000500715,164,NULL),(3040000000000500716,165,'0x3e000000 0xba22f270'),(3040000000000500717,166,'0xea000000 0xba123870'),(3040000000000500718,167,'0x97000000 0xba25f970'),(3040000000000500719,168,'0xd0000000 0xba0dd870'),(3040000000000500720,169,'0x68000000 0xba17f270'),(3040000000000500721,170,'0xf5000000 0xba259170'),(3040000000000500722,171,'0x8a000000 0xba258e70'),(3040000000000500723,172,'0x2f000000 0xba090770'),(3040000000000500724,173,'0x14000000 0xba0f3a70'),(3040000000000500725,174,'0x7c000000 0xba23aa70'),(3040000000000500726,175,'0x88000000 0xb9ff3c70'),(3040000000000500727,176,'0x64000000 0xba037570'),(3040000000000500728,177,'0x2d000000 0xba080d70'),(3040000000000500729,178,NULL),(3040000000000500730,179,'0xf8000000 0xb9fcf470'),(3040000000000500731,180,'0xe4000000 0xba150e70'),(3040000000000500732,181,'0x72000000 0xba06a570'),(3040000000000500733,182,'0xdc000000 0xba08cf70'),(3040000000000500734,183,'0x58000000 0xb9f3fe70'),(3040000000000500735,184,'0x04000000 0xba0bc670'),(3040000000000500736,185,'0x87000000 0xba1d2b70'),(3040000000000500737,186,NULL),(3040000000000500738,187,'0x6d000000 0xb9e99f70'),(3040000000000500739,188,'0x1a000000 0xba091570'),(3040000000000500740,189,NULL),(3040000000000500741,190,NULL),(3040000000000500742,191,'0x81000000 0xb9f35970'),(3040000000000500743,192,'0x5b000000 0xba210170'),(3040000000000500744,193,'0xcb000000 0xba244070'),(3040000000000500745,194,'0x97000000 0xb9ff5870'),(3040000000000500746,195,'0x89000000 0xb9fbdd70'),(3040000000000500747,196,'0x05000000 0xba086870'),(3040000000000500748,197,'0xd0000000 0xba251b70'),(3040000000000500749,198,'0x7c000000 0xba1db670'),(3040000000000500750,199,'0x88000000 0xba106270'),(3040000000000500751,200,'0x6b000000 0xba086a70'),(3040000000000500752,201,'0x48000000 0xba0cb170'),(3040000000000500753,202,'0xbb000000 0xba069a70'),(3040000000000500754,203,NULL),(3040000000000500755,204,'0xdd000000 0xba165d70'),(3040000000000500756,205,NULL),(3040000000000500757,206,'0x1a000000 0xb9fb7770'),(3040000000000500758,207,'0xa5000000 0xba230d70'),(3040000000000500759,208,'0x82000000 0xba166b70'),(3040000000000500760,209,'0x78000000 0xb9f7b370'),(3040000000000500761,210,NULL),(3040000000000500762,211,'0x8e000000 0xba22e770');
/*!40000 ALTER TABLE `Card` ENABLE KEYS */;
UNLOCK TABLES;

--
-- Table structure for table `Card_Info`
--

DROP TABLE IF EXISTS `Card_Info`;
/*!40101 SET @saved_cs_client     = @@character_set_client */;
/*!40101 SET character_set_client = utf8 */;
CREATE TABLE `Card_Info` (
  `info_id` int(10) unsigned NOT NULL AUTO_INCREMENT,
  `card_id` int(11) NOT NULL,
  `info_type` int(11) NOT NULL,
  `info` varchar(300) DEFAULT NULL,
  PRIMARY KEY (`info_id`),
  KEY `card_id` (`card_id`),
  KEY `info_type` (`info_type`)
) ENGINE=InnoDB DEFAULT CHARSET=latin1;
/*!40101 SET character_set_client = @saved_cs_client */;

--
-- Dumping data for table `Card_Info`
--

LOCK TABLES `Card_Info` WRITE;
/*!40000 ALTER TABLE `Card_Info` DISABLE KEYS */;
/*!40000 ALTER TABLE `Card_Info` ENABLE KEYS */;
UNLOCK TABLES;

--
-- Table structure for table `Card_Info_Types`
--

DROP TABLE IF EXISTS `Card_Info_Types`;
/*!40101 SET @saved_cs_client     = @@character_set_client */;
/*!40101 SET character_set_client = utf8 */;
CREATE TABLE `Card_Info_Types` (
  `info_type_id` int(10) unsigned NOT NULL AUTO_INCREMENT,
  `Info_Name` varchar(30) DEFAULT NULL,
  `Info_Desc_Short` varchar(100) DEFAULT NULL,
  `Info_Desc_Long` varchar(300) DEFAULT NULL,
  PRIMARY KEY (`info_type_id`)
) ENGINE=InnoDB AUTO_INCREMENT=12 DEFAULT CHARSET=latin1;
/*!40101 SET character_set_client = @saved_cs_client */;

--
-- Dumping data for table `Card_Info_Types`
--

LOCK TABLES `Card_Info_Types` WRITE;
/*!40000 ALTER TABLE `Card_Info_Types` DISABLE KEYS */;
INSERT INTO `Card_Info_Types` VALUES (3,'FE crate number','','Number of FE crate that card resides in.  First digits should be the slot of the ngFEC.  The last digits should be the fiber number of the ngFEC.'),(4,'VTTX1 ID','','ID of top most VTTX module, see sticker.'),(5,'VTTX1 ID','','ID of middle` VTTX module, see sticker.'),(6,'VTTX3 ID','','ID of bottom VTTX module, see sticker.'),(7,'DC-DC 1.5 ID','','ID of the 1.5V DC-DC converter on this card.'),(8,'DC-DC 2.5 ID','','ID of the 2.5V DC-DC converter on this card.'),(9,'DC-DC 1.2 ID','','ID of the 1.2V DC-DC converter on this card.'),(10,'DC-DC 3.3 ID','','D of the 1.2V DC-DC converter on this card.'),(11,'DC-DC 5.0 ID','','ID of the 5.0V DC-DC converter on this card.');
/*!40000 ALTER TABLE `Card_Info_Types` ENABLE KEYS */;
UNLOCK TABLES;

--
-- Table structure for table `Card_Notes`
--

DROP TABLE IF EXISTS `Card_Notes`;
/*!40101 SET @saved_cs_client     = @@character_set_client */;
/*!40101 SET character_set_client = utf8 */;
CREATE TABLE `Card_Notes` (
  `sn` bigint(20) unsigned DEFAULT NULL,
  `date_time` varchar(20) DEFAULT NULL,
  `note` varchar(1000) DEFAULT NULL,
  `note_id` smallint(6) NOT NULL AUTO_INCREMENT,
  PRIMARY KEY (`note_id`)
) ENGINE=MyISAM AUTO_INCREMENT=38 DEFAULT CHARSET=latin1;
/*!40101 SET character_set_client = @saved_cs_client */;

--
-- Dumping data for table `Card_Notes`
--

LOCK TABLES `Card_Notes` WRITE;
/*!40000 ALTER TABLE `Card_Notes` DISABLE KEYS */;
INSERT INTO `Card_Notes` VALUES (5,'19/10/2015 01:57:24','test test test test test test test test test test test test test test test test test test test test test test test test test test test test test test test test test test test test test test test test test test test test test test test test test test test test test test test test test test test test test test test test test test test test test test test test test test test test test test test test test test test test test test test test test test test test test test test test test test test test test test test test test test ',3),(5,'19/10/2015 01:57:33','test test test test test test test test test test test test test test test test test test test test test test test test test test test test test test test test test test test test test test test test test test test test test test test test test test test test test test test test test test test test test test test test test test test test test test test test test test test test test test test test test test test test test test test test test test test test test test test test test test test test test test test test test test ',4),(5,'19/10/2015 02:01:22','\'bad data rate\'',5),(5,'19/10/2015 02:03:35','test',6),(5,'19/10/2015 02:06:51','testtest',7),(3040000000000500598,'19/10/2015 02:11:33','This card suffers from the back link issue.  We are seeing that the second link has the correct orbit rate, but always has a non-zero bad-data rate.  The align BCN was also systematically higher for this fiber, which is typical of links that suffer from this problem.   After swapping VTTx modules, the align BCN seemed to go back to the same value as the other, but still there was a non-zero bad-data rate.  After a minute or two, the align BCN went back to being about 3 higher than the other channels.',8),(3040000000000500598,'19/10/2015 02:43:25','this is a test, only a test',9),(3040000000000500601,'19/10/2015 09:54:56','card moved to charm for radiation testing.  3 VTTx modules went with it.',10),(3040000000000500602,'19/10/2015 09:55:28','card moved to CHARM for radiation testing.  3 VTTx modules went with it.  ',11),(3040000000000500587,'20/10/2015 10:41:05','This card previously had problems installing the IGLOO firmware. We never investigated why. Today, we were able to program it.',12),(3040000000000500596,'20/10/2015 12:35:29','When we try to get the unique ID, we get the value \"1 0xc1000000 0xb9ed1c70\".',13),(3040000000000500594,'20/10/2015 03:02:50','Second link of this card is suffering from the bad link issue.  Its align BCN is 3505 while the other links are 3502.  The card is currently plugged into rack 1 crate 4. ',14),(3040000000000500587,'20/10/2015 03:06:13','This link is suffering from the bad link issue.  Link two has align BCN of 3505 while the rest have 3502 and cant synchronize.  This card is in rack 1, crate 3, slot 11. ',15),(3040000000000500587,'20/10/2015 03:24:02','started having trouble with link 5.  Orbit rate is a little low and the align BCN jumped to 3505.',16),(3040000000000500593,'20/10/2015 05:22:08','This card has two unstable links.',17),(3040000000000500597,'20/10/2015 06:25:36','Tote observed issues reading registers by hand on this card. For example, he could not read FW versions of any of the FPGAs, nor the unique ID.',18),(3040000000000500603,'21/10/2015 03:16:38','Pre-production card from Brazil.',19),(3040000000000500597,'22/10/2015 11:14:32','This card is having strange communication problems.  We get an error when we try to read registers: ERROR!! I2C: LBA.  Switching the slot that the card was in with no change.  We did see an intermittent success with the unique ID register, but mostly we cant read anything.  We checked igloo, QIE, and bridge registers.  All failed.',20),(2,'22/10/2015 11:40:18','\'test\'',21),(2,'22/10/2015 11:51:36','something \'test\"\'',22),(2,'22/10/2015 11:52:01','something \'test\"\'',23),(3040000000000500596,'22/10/2015 05:53:49','using this card to test a new version of the igloo2 F/W.  The top FPGA has a custom version that is currently stored on the window computer in 904: Local Disk/HF_Firmware_904/HF_RM_igloo2.  This new version uses the backplane BC0 signal for the link test modes (when in link test mode 1).  This improves the link issues while in link test mode, but still there are some instabilities.  We also enable the debug pin 2 (3rd pin) to be the BC0 signal for testing whether or not this is synchronized with the backplane signal.',24),(3040000000000500596,'23/10/2015 04:08:33','Also noticed that the unique ID for this board is 0xc1000000 0xb9ed1c70.  It seems that there is an issue with reading the unique ID the first few time...',25),(3040000000000500595,'27/10/2015 04:59:00','We noticed with \'605 that switching the FE slot solved this ICI problem (we moved it from Rack 1, Crate 3: HF6-2 to HF6-5). We should try that with this.',26),(3040000000000500605,'09/11/2015 09:09:18','This card, from now on known as Sputnik, has been sent to p5 to be the first QIE10 card to be installed into UXC.  Along with it went 1 VTTX module, sn 001055, and a pigtail. ',27),(3040000000000500618,'11/11/2015 10:58:22','I am having trouble reading the unique ID when this is in Rack 1, Crate 4.',28),(3040000000000500694,'11/11/2015 12:44:56','This cards was tested with a two different ngCCMs in different slots, but in no cases were we able to communicate with the unique ID, the igloos, or the QIE registers.   This card needs some detailed investigation of the i2c lines.',29),(3040000000000500694,'11/11/2015 01:05:56','Checked the i2c input lines of this card with a scope.  The clock looks fine.  On power up, we see that the data line is high, like it should be, but after the first i2c command, the data line just goes low and stays low.  If the card is power cycled, this effect is repeatable.  ',30),(3040000000000500716,'12/11/2015 03:26:06','Tote pulled this board out of the crate (Rack 1, Crate 4) while the power was on.',31),(3040000000000500595,'13/11/2015 01:18:57','Moving this card down to the calibration test stand for Danny to exercise his calibration procedure',32),(3040000000000500583,'13/11/2015 01:19:29','Moving this card down to the calibration test stand for Danny to work with.',33),(3040000000000500664,'16/11/2015 11:28:08','The I2C line can occasionally be broken (held low) by attempting to read from the iTop registers. A backplane reset does not seem to recover the data line, but attempting to read from a non-iTop register has a chance of pulling the data line back high.',34),(3040000000000500694,'16/11/2015 11:30:53','We can reliably drive the I2C line low by issuing a \'get ...UniqueID\' call. The data line seems to recover after a bkp_reset pulse. -Joseph',35),(3040000000000500737,'16/11/2015 11:32:06','The I2C data line can be driven low reliably with \'get ...UniqueID\' or occasionally by \'get ...iTop...\'. A backplane reset seems to recover the data line. -Joseph',36),(3040000000000500712,'16/11/2015 01:20:57','Suffers from both UniqueID and iTop issue. Does not seem to be fixed by a backplane reset. -Joseph',37);
/*!40000 ALTER TABLE `Card_Notes` ENABLE KEYS */;
UNLOCK TABLES;

--
-- Table structure for table `People`
--

DROP TABLE IF EXISTS `People`;
/*!40101 SET @saved_cs_client     = @@character_set_client */;
/*!40101 SET character_set_client = utf8 */;
CREATE TABLE `People` (
  `person_id` int(10) unsigned NOT NULL AUTO_INCREMENT,
  `person_name` varchar(100) DEFAULT NULL,
  PRIMARY KEY (`person_id`)
) ENGINE=InnoDB AUTO_INCREMENT=18 DEFAULT CHARSET=latin1;
/*!40101 SET character_set_client = @saved_cs_client */;

--
-- Dumping data for table `People`
--

LOCK TABLES `People` WRITE;
/*!40000 ALTER TABLE `People` DISABLE KEYS */;
INSERT INTO `People` VALUES (1,'andrew whitbeck'),(2,'Tote Hughes'),(3,'Danny Noonan'),(4,'Yanchu Wang'),(5,'Zuhal Seyma Demiroglu'),(6,'Ufuk Guney Tok'),(7,'Semra Turkcapar'),(8,'Sevgi Tekten'),(9,'Ohannes Koseyan'),(10,'Amandeep Kalsi'),(11,'Eduardo Alves Coelho '),(12,'Ismail Okan Atakisi'),(13,'Tote'),(14,'Tote Hughes'),(15,'Fabio Alves'),(16,'Mehmet Oglakci'),(17,'Ozgun Kara');
/*!40000 ALTER TABLE `People` ENABLE KEYS */;
UNLOCK TABLES;

--
-- Table structure for table `Test`
--

DROP TABLE IF EXISTS `Test`;
/*!40101 SET @saved_cs_client     = @@character_set_client */;
/*!40101 SET character_set_client = utf8 */;
CREATE TABLE `Test` (
  `test_id` int(10) unsigned NOT NULL AUTO_INCREMENT,
  `test_type_id` int(11) NOT NULL,
  `card_id` int(11) NOT NULL,
  `person_id` int(11) NOT NULL,
  `day` timestamp NOT NULL DEFAULT CURRENT_TIMESTAMP ON UPDATE CURRENT_TIMESTAMP,
  `successful` tinyint(1) NOT NULL,
  `comments` varchar(320) DEFAULT NULL,
  PRIMARY KEY (`test_id`),
  KEY `card_id` (`card_id`),
  KEY `person_id` (`person_id`)
) ENGINE=InnoDB AUTO_INCREMENT=1285 DEFAULT CHARSET=latin1;
/*!40101 SET character_set_client = @saved_cs_client */;

--
-- Dumping data for table `Test`
--

LOCK TABLES `Test` WRITE;
/*!40000 ALTER TABLE `Test` DISABLE KEYS */;
INSERT INTO `Test` VALUES (9,20,5,1,'2015-04-24 16:59:49',1,'uniqueID: 0x704d28aa00000098'),(10,20,6,1,'2015-04-24 18:15:40',0,'unique ID: 0x703b04aa0000006b \r\nthis card is currently in slot 5'),(11,20,7,1,'2015-04-24 18:19:40',1,'unique ID: 0x70da24aa0000008d'),(12,20,6,1,'2015-04-24 18:20:34',1,'unique ID : 0x703b04aa0000006b\r\nslot 5'),(13,21,6,1,'2015-09-03 17:23:24',1,'blah balh ballhalha'),(14,10,6,1,'2015-09-10 21:28:15',0,';ljk;lkj'),(15,10,6,1,'2015-09-10 21:34:58',0,';ljk;lkj'),(16,10,6,1,'2015-09-10 21:35:04',0,';ljk;lkj'),(17,10,6,1,'2015-09-10 21:35:57',0,';ljk;lkj'),(18,10,6,1,'2015-09-10 21:36:54',0,';ljk;lkj'),(19,1,6,3,'2015-09-11 16:07:51',1,'test'),(20,20,6,1,'2015-09-11 16:11:46',0,'d'),(21,1,6,1,'2015-09-11 16:47:41',1,''),(22,1,6,1,'2015-09-11 16:47:59',1,''),(23,1,6,1,'2015-09-14 13:50:06',1,'r'),(43,4,6,1,'2015-09-20 14:49:11',1,'No link errors find in either the pattern test or the uhtr link test.'),(44,5,6,1,'2015-09-20 15:01:51',1,'Problem with the first clock phase for each of the channels.  However, all other clock phases are good.'),(45,1,6,5,'2015-09-21 10:55:03',0,'most cap-id look normal, but 14 channels have zero pedestal mean. Means are around 3, RMSs &lt; 1 for all other channels.'),(46,1,6,1,'2015-09-21 10:59:10',0,''),(47,1,8,2,'2015-09-24 12:05:31',0,'14 CID channels return a mean ADC of 0. The other channels look good.'),(48,20,8,2,'2015-09-24 12:06:52',1,'0x67000000 0x9B32C370'),(49,5,8,2,'2015-09-24 12:11:05',0,'Three channels (3, 9, and 10) reported error rates of 0.75, for all clock phase settings. This indicates that the CIDs were reasonable values, but not rotating.\r\n\r\n====== SUMMARY ============================\r\nTeststand: 904at\r\nQIE card: 0x67000000 0x9b32c370 (FE Crate 2, Slot 2)\r\nBXs/phase setting: 100\r\n[!!] Errors: (i'),(50,4,8,2,'2015-09-24 12:15:12',0,'Link 3 failed the pattern test and Link 0 had significant link errors.'),(51,15,8,2,'2015-09-24 12:25:22',1,'Running the ver acceptance test ...\r\n	QIE card: ID = 0x67000000 0x9b32c370 (FE Crate 2, Slot 2)\r\n	uHTR: Links = [18, 19, 20, 21, 22, 23] (BE Crate 53, Slot 1)\r\nFetching FW version information ...\r\n	[OK] QIE card: FW = [\'03.03\', \'03.03\', \'01.07.0000\']\r\n	[OK] ngCCM: FW = 02.08, ID = 0x644d 0x5520326f 0x6f6c6769'),(52,9,8,2,'2015-09-24 12:26:29',1,'Nothing out of the ordinary'),(53,3,8,1,'2015-09-24 12:28:58',0,'A number of registers reported errors:\r\n\r\nHF2-2-iTop_Uniq ...'),(54,1,10,9,'2015-09-30 13:34:49',0,'Most cap-ids look normal, but 14 channels have zero pedestal mean. Means are around 3, RMSs &lt; 1 for all other channels.'),(55,1,7,2,'2015-09-30 13:38:47',1,'Test'),(56,1,7,2,'2015-09-30 13:41:16',1,'Test'),(57,1,7,2,'2015-09-30 13:41:50',1,'test'),(58,5,10,9,'2015-09-30 14:09:48',0,'Problem at link12: QIE 3 and link 14: QIE 9, QIE 10. The remaining ones seem good.'),(59,4,10,9,'2015-09-30 14:16:18',0,'Error at link pattern test at link 14, error at uHTR link test at links 16 and 17.'),(60,3,10,9,'2015-09-30 14:32:23',1,'No errors.'),(61,1,10,9,'2015-10-01 12:51:54',0,'Most cap-ids look normal, but 14 channels have zero pedestal mean. Means are around 3, RMSs &lt; 1 for all other channels.'),(62,5,10,9,'2015-10-01 12:54:03',0,'Problem at link12: QIE 3 and link 14: QIE 9, QIE 10. The remaining ones seem good.'),(63,4,10,9,'2015-10-01 12:59:13',0,'Error at link pattern test at links 12, 13 and 14. Error at uHTR link test at links 12 and 14.'),(64,3,10,9,'2015-10-01 13:01:56',1,'No errors.'),(65,1,10,5,'2015-10-09 13:38:48',0,'Most cap-ids look normal, but 14 channels have zero pedestal mean. Means are around 3, RMSs &lt; 1 for all other channels. '),(66,3,10,5,'2015-10-09 13:40:00',0,''),(67,3,10,5,'2015-10-09 13:41:29',0,'No errors.'),(68,4,10,7,'2015-10-09 13:45:04',0,' Error at link pattern test at links 14 and 17. There were no errors in uHTR link test.'),(69,5,10,9,'2015-10-09 14:18:34',0,'Problem at link12: QIE 3 and link 14: QIE 9, QIE 10. The remaining ones seem good. '),(70,9,11,1,'2015-10-15 09:50:06',1,'board looks beautiful. \r\n\r\nTR-SMP 0024'),(71,9,28,15,'2015-10-15 11:10:03',1,'Its OK!\r\n\r\nTR-SMP  0004'),(72,9,30,15,'2015-10-15 12:29:22',1,'TR-SMP- 0005\r\n\r\nIt\'s OK!'),(73,9,27,3,'2015-10-15 12:37:56',1,'Looks amazing!'),(74,9,27,3,'2015-10-15 12:38:50',1,'Forgot the picture!'),(75,11,28,11,'2015-10-15 12:42:38',1,'    BKPLN to GND - CD,\r\n    1.5V to GND - 8.3, \r\n    2.5V to GND - 0.16,\r\n    1.2V to GND - 0.70,\r\n    3.3V to GND - 0.02, \r\n    5.0V to GND - 3.80,\r\n    1.5V to GND- 1.46\r\n    1.5V to 2.5V- 8.53\r\n    1.5V to 1.2V- 9.86\r\n    1.5V to 3.3V- 8.31\r\n    1.5V to 5.0V- 13.98\r\n    2.5V to 1.2V-1.32\r\n    2.5V to 5.0V-3.77\r\n    '),(76,9,31,15,'2015-10-15 12:42:50',1,'TR-SMP-0029\r\nThere\'s a winchester pcb connector J3 missing.\r\nIt\'s OK!'),(77,11,30,1,'2015-10-15 12:53:59',1,'(This resistance measurements was made with the DC to DC voltage regulators in!)\r\n    BKPLN to GND - 8.18,\r\n    1.5V to GND - 1.37, \r\n    2.5V to GND-0.11,\r\n    1.2V to GND-0.87,\r\n    3.3V to GND-0.02,\r\n    5.0V to GND-2.46,\r\n    1.5V to GND-1.37,\r\n    1.5V to 2.5V-0.11,\r\n    1.5V to 1.2V-4.86,\r\n    1.5V to 3.3V-4.76,\r'),(78,9,32,15,'2015-10-15 13:00:01',1,'TR-SMP-0006\r\nThere\'s missing a jumper J12\r\nIt\'s OK'),(79,11,30,11,'2015-10-15 13:01:54',1,'(Values in KOhms)\r\n    BKPLN to GND - CD\r\n    1.5V to GND - 1.51,\r\n    2.5V to GND-0.16,\r\n    1.2V to GND-1.33,\r\n    3.3V to GND-0.02,\r\n    5.0V to GND-3.59,\r\n    1.5V to GND-1.50,\r\n    1.5V to 2.5V-8.07,\r\n    1.5V to 1.2V-9.63,\r\n    1.5V to 3.3V-7.85,\r\n    1.5V to 5.0V-13.54,\r\n    2.5V to 1.2V-1.45,\r\n    2.5V to 5.0V-'),(80,9,33,15,'2015-10-15 13:13:56',0,'TR-SMP-0007\r\nThere\'s a jumper missing (J12).\r\nEverything else is OK!'),(81,11,32,11,'2015-10-15 13:14:31',1,'(Values in KOhms)\r\n    BKPLN to GND - CD,\r\n    1.5V to GND - 4.60,\r\n    2.5V to GND - 0.16,\r\n    1.2V to GND - 0.48,\r\n    3.3V to GND - 0.02,\r\n    5.0V to GND - 3.80,\r\n    1.5V to GND - 4.59,\r\n    1.5V to 2.5V - 1.61,\r\n    1.5V to 1.2V - 1.96,\r\n    1.5V to 3.3V - 1.46,\r\n    1.5V to 5.0V - 5.60,\r\n    2.5V to 1.2V - 0.64'),(82,11,33,11,'2015-10-15 13:23:52',1,'(Values in KOhms)\r\n    BKPLN to GND - CD\r\n    1.5V to GND - 4.85,\r\n    2.5V to GND - 0.16,\r\n    1.2V to GND - 0.54,\r\n    3.3V to GND - 0.02,\r\n    5.0V to GND - 3.79,\r\n    1.5V to GND - 4.78,\r\n    1.5V to 2.5V - 1.64, \r\n    1.5V to 1.2V - 2.05,\r\n    1.5V to 3.3V - 1.49,\r\n    1.5V to 5.0V - 5.63,\r\n    2.5V to 1.2V - 0.70'),(83,3,30,14,'2015-10-15 13:30:30',0,'01235456789012354567890123545678901235456789012354567890123545678901235456789012354567890123545678901235456789012354567890123545678901235456789012354567890123545678901235456789012354567890123545678901235456789012354567890123545678901235456789012354567890123545678901235456789012354567890123545678901235456789012354567890'),(84,9,34,15,'2015-10-15 13:34:05',0,'TR-SMP-0008\r\nThere\'s missing a jumper (J12).\r\nThere\'s a tiny mark of paint on the back side of the board.\r\n'),(85,9,35,15,'2015-10-15 13:43:34',0,'TR-SMP-0009,\r\nThere\'s missing a jumper (J12),\r\nEverything else is OK!\r\nNote: all of the boards have a stamp in back side.'),(86,11,34,11,'2015-10-15 13:44:18',0,'1. CD,\r\n2. 8.10,\r\n3. 0.16,\r\n4. 0.67,\r\n5. 0 (short),\r\nTest aborted'),(87,9,35,15,'2015-10-15 13:48:13',1,'I mistakenly marked the above successful test as a failure.'),(88,9,36,15,'2015-10-15 13:53:41',1,'TR-SMP-0024,\r\nThere\'s missing jumper (J12),\r\nEverything else is OK!'),(89,11,35,11,'2015-10-15 14:01:28',1,'Values in KOhms\r\n1. CD\r\n2. 8.57,\r\n3. 0.16,\r\n4. 0.51,\r\n5. 0.02,\r\n6. 3.80,\r\n7. 8.55,\r\n8. 1.65,\r\n9. 2.03,\r\n10. 1.50,\r\n11. 5.64,\r\n12. 0.67,\r\n13. 0.18,\r\n14. 3.96,\r\n15. 0.85,\r\n16. 4.63,\r\n17. 3.82,'),(90,9,37,15,'2015-10-15 14:03:12',1,'TR-SMP-0010,\r\nThere\'s a jumper missing (J12),\r\nEverything else is OK!'),(91,11,36,11,'2015-10-15 14:14:17',1,'This test was made with the DC/DC regulator. Values in KOhms  \r\n1. 8.17,\r\n2. 4.65,\r\n3. 0.11,\r\n4. 0.50,\r\n5. 0.02,\r\n6. 2.67,\r\n7. 4.65,\r\n8. 1.44,\r\n9. 1.85,\r\n10. 1.34,\r\n11. 4.19,\r\n12. 0.61,\r\n13. 0.13,\r\n14. 2.79,\r\n15. 0.82,\r\n16. 3.46,\r\n17. 2.69'),(92,9,38,1,'2015-10-15 14:17:21',1,'TR-SMP-0011,\r\nThere\'s a jumper missing (J12),\r\nEverything else is OK!'),(93,11,37,11,'2015-10-15 14:23:59',1,'Values in KOhms\r\n1. CD,\r\n2. 8.26,\r\n3. 0.16,\r\n4. 0.82,\r\n5. 0.02,\r\n6. 3.80,\r\n7. 8.23,\r\n8. 1.67,\r\n9. 2.31\r\n10. 1.50,\r\n11. 5.64,\r\n12. 0.94,\r\n13. 0.18,\r\n14. 3.96,\r\n15. 1.30,\r\n16. 5.11,\r\n17. 3.82 \r\n\r\n\r\n'),(94,9,39,15,'2015-10-15 14:25:52',1,'TR-SMP-0012,\r\nThere\'s a jumper missing (J12),\r\nEverything else is OK!'),(95,11,38,11,'2015-10-15 14:33:23',1,'Values in KOhms:\r\n1. CD\r\n2. 5.06,\r\n3. 0.16,\r\n4. 0.57,\r\n5. 0.02,\r\n6. 3.80,\r\n7. 5.05,\r\n8. 1.64,\r\n9. 2.07,\r\n10. 1.48,\r\n11. 5.62,\r\n12. 0.73,\r\n13. 0.18,\r\n14. 3.96,\r\n15. 0.99,\r\n16. 4.77,\r\n17. 3.82'),(96,9,33,15,'2015-10-15 14:34:29',1,'I forgot to mark \"Successful\".'),(97,9,34,2,'2015-10-15 14:37:55',1,'See previous entry. This board is okay.'),(98,11,39,11,'2015-10-15 14:43:43',1,'Values in KOhms\r\n\r\n1. CD,\r\n2. 7.56,\r\n3. 0.16,\r\n4. 0.56,\r\n5. 0.02,\r\n6. 3.79,\r\n7. 7.54,\r\n8. 1.64,\r\n9. 2.06,\r\n10. 1.48,\r\n11. 5.61,\r\n12. 0.71,\r\n13. 0.18,\r\n14. 3.95,\r\n15. 0.97,\r\n16. 4.74, \r\n17. 3.81\r\n'),(99,9,40,15,'2015-10-15 14:43:45',1,'TR-SMP-0013,\r\nThere\'s a jumper missing (J12),\r\nEverything else is OK!'),(100,10,27,14,'2015-10-15 14:48:52',0,'This is not a real board...'),(101,11,40,11,'2015-10-15 14:51:09',1,'Values in KOhms\r\n\r\n1. CD,\r\n2. 10.37,\r\n3. 0.16,\r\n4. 0.65,\r\n5. 0.02,\r\n6. 3.80,\r\n7. 10.34,\r\n8. 1.67,\r\n9. 2.19,\r\n10. 1.52,\r\n11. 5.67,\r\n12. 0.81,\r\n13. 0.18,\r\n14. 3.96,\r\n15. 1.12,\r\n16. 4.91,\r\n17. 3.82'),(102,9,41,15,'2015-10-15 14:54:42',1,'TR-SMP-0014,\r\nThere\'s missing a jumper (J12),\r\nEverything else is OK!'),(103,11,32,11,'2015-10-15 15:01:40',1,'This test was made with the DC/DC regulator.\r\nValues in KOhms. \r\n1. 8.17,\r\n2. 3.88,\r\n3. 0.11, \r\n4. 0.47,\r\n5. 0.02,\r\n6. 2.67,\r\n7. 3.85,\r\n8. 1.46,\r\n9. 1.84,\r\n10. 1.36,\r\n11. 4.20,\r\n12. 0.58,\r\n13. 0.13,\r\n14. 2.78,\r\n15. 0.76,\r\n16. 3.39,\r\n17. 2.68'),(104,9,42,15,'2015-10-15 15:01:41',1,'TR-SMP-0015,\r\nThere\'s a jumper missing (J12),\r\nEverything else is OK!'),(105,11,41,11,'2015-10-15 15:09:31',1,'Values in KOhms\r\n\r\n1. CD,\r\n2. 5.19,\r\n3. 0.16,\r\n4. 0.66,\r\n5. 0.02,\r\n6. 3.80,\r\n7. 5.20,\r\n8. 1.65,\r\n9. 2.17,\r\n10. 1.49,\r\n11. 5.63,\r\n12. 0.81,\r\n13. 0.18,\r\n14. 3.96,\r\n15. 1.11,\r\n16. 4.90,\r\n17. 3.82'),(106,11,28,11,'2015-10-15 15:18:41',1,'This test was made with the DC/DC regulator. Values in KOhms.\r\n\r\n1. 8.18,\r\n2. 4.08,\r\n3. 0.11,\r\n4. 0.60,\r\n5. 0.02,\r\n6. 2.66,\r\n7. 4.08,\r\n8. 1.46,\r\n9. 1.97,\r\n10. 1.36,\r\n11. 4.20,\r\n12. 0.71,\r\n13. 0.13,\r\n14. 2.78,\r\n15. 0.99,\r\n16. 3.62,\r\n17. 2.69\r\n\r\n\r\n'),(107,11,30,11,'2015-10-15 15:29:57',1,'This test was made with the DC/DC regulator. Values in KOhms.\r\n\r\n1. 8.22\r\n2. 4.90\r\n3. 0.11\r\n4. 0.69,\r\n5. 0.02,\r\n6. 2.66,\r\n7. 4.88,\r\n8. 1.51,\r\n9. 2.10,\r\n10. 1.40,\r\n11. 4.24,\r\n12. 0.79,\r\n13. 0.13,\r\n14. 2.77,\r\n15. 1.13,\r\n16. 3.76,\r\n17. 2.68\r\n'),(108,22,28,1,'2015-10-16 07:38:47',1,'After soldering on the header pin and putting a jumper between pins 1&amp;2, the IGLOO2s both programmed.  Bridge had no problem.'),(109,22,35,1,'2015-10-16 08:14:28',0,'Jumper soldered. Bridge: done; IGLOO2 (top): failed; IGLLO2 (bottom): failed.  Couldn\'t initialize programmer.'),(110,22,37,1,'2015-10-16 08:19:41',1,'jumpers soldered.  bridge: done; IGLOO2 (top): done ; IGLOO2 (bot): done'),(111,9,43,15,'2015-10-16 08:28:06',1,'TR-SMP-0030,\r\nThere\'s a jumper missing (J12),\r\nEverything else is OK!'),(112,11,43,7,'2015-10-16 08:34:22',1,'Values in KOhms\r\n1. CD,\r\n2. 1.46,\r\n3. 0.16,\r\n4. 1.48,\r\n5. 0.02,\r\n6. 3.61,\r\n7. 1.45,\r\n8. 5.41,\r\n9. 7.15, \r\n10. 5.21,\r\n11. 10.45,\r\n12. 1.61,\r\n13. 0.18,\r\n14. 3.79,\r\n15. 0.91,\r\n16. 4.5,\r\n17. 3.63'),(113,9,44,15,'2015-10-16 08:34:24',1,'TR-SMP-0031,\r\nThere\'s a jumper missing (J12),\r\nThere\'s two winchester connector missing (J2, J3),\r\nEverything else is OK!'),(114,9,43,15,'2015-10-16 08:38:58',1,'TR-SMP-0030,\r\nThere\'s a jumper missing (J12),\r\nThere are two winchester missing (J2,J3),\r\nEverything else is OK!'),(115,11,44,7,'2015-10-16 08:41:32',1,'Values in KOhms\r\n1. CD \r\n2. 1.5,\r\n3. 0.16,\r\n4. 1.46,\r\n5. 0.02,\r\n6. 3.60,\r\n7. 1.5,\r\n8. 5.40,\r\n9. 7.14,\r\n10. 5.18,\r\n11. 10.51,\r\n12. 1.63,\r\n13. 0.18,\r\n14. 3.79,\r\n15. 0.99,\r\n16. 4.56,\r\n17. 3.63'),(116,12,36,2,'2015-10-16 09:16:52',1,'Looks good.'),(117,15,36,7,'2015-10-16 09:26:34',1,'Bridge OK, igloo top ok, igloo bottom ok'),(118,12,44,7,'2015-10-16 09:38:51',1,'ok.'),(119,15,44,7,'2015-10-16 09:43:21',0,'bridge ok. igloo top failed. aborted'),(120,12,39,7,'2015-10-16 09:51:39',1,'ok.'),(121,15,39,7,'2015-10-16 09:57:02',0,'bridge ok.  igloo top failed.aborted.'),(122,22,39,7,'2015-10-16 10:01:58',0,' bridge ok. igloo top failed.aborted. '),(123,22,44,7,'2015-10-16 10:02:46',0,'bridge ok. igloo top failed. aborted '),(124,22,36,7,'2015-10-16 10:04:06',1,' Bridge OK, igloo top ok, igloo bottom ok '),(125,22,30,7,'2015-10-16 10:19:17',1,'bridge ok, igloo top ok. igloo bottom ok.'),(126,22,35,7,'2015-10-16 10:33:05',0,'bridge ok, igloo top failed.aborted'),(127,22,33,7,'2015-10-16 10:44:22',0,'bridge ok. igloo top failed.aborted '),(128,12,35,2,'2015-10-16 10:48:23',1,'1.2 V DC/DC was bad. We replaced it, and now the power is good.'),(129,22,35,7,'2015-10-16 10:50:04',1,'bridge verified. igloo top ok. igloo bottom ok.'),(130,12,39,14,'2015-10-16 12:38:59',1,'Good.'),(131,22,39,14,'2015-10-16 12:42:25',1,'bridge verified, igloo top ok, igloo bottom ok'),(132,22,43,7,'2015-10-16 12:51:14',0,'igloo top failed, aborted.'),(133,22,40,7,'2015-10-16 13:03:08',1,'bridge ok, igloo top ok, igloo bottom ok'),(134,22,41,7,'2015-10-16 13:16:17',1,'bridge verified, igloo top verified, igloo bottom verified (I think we programmed this, thinking it was \'593)'),(135,22,40,7,'2015-10-16 13:26:01',1,'bridge ok, igloo top ok, igloo bottom ok.'),(136,22,44,7,'2015-10-16 13:33:48',1,'bridge verified , igloo top ok, igloo bottom ok.'),(137,22,43,7,'2015-10-16 13:54:47',1,'bridge ok, igloo top ok, igloo bottom ok.'),(138,20,43,14,'2015-10-16 14:03:07',1,'0xc1000000 0xb8ec1c70'),(139,20,44,14,'2015-10-16 14:03:26',1,'0xea000000 0xba1ca670'),(140,12,43,14,'2015-10-16 14:04:04',1,'Okay.'),(141,10,43,14,'2015-10-16 14:04:32',1,'This looks good.'),(142,10,44,14,'2015-10-16 14:05:02',1,'This looks good. Winchesters are not plugged in because this board is for radiation testing.'),(143,15,43,14,'2015-10-16 14:06:49',1,'igloo top: 03.04, igloo bottom: 03.04, bridge: 01.10.0000'),(144,15,44,14,'2015-10-16 14:07:21',1,'igloo top: 03.04, igloo bottom: 03.04, bridge: 01.10.0000'),(145,1,35,1,'2015-10-17 14:56:07',1,'Pedestal distributions look great for this board'),(146,22,45,14,'2015-10-19 11:37:12',1,'igloo top: ok, igloo bottom: ok, bridge: ok'),(147,22,49,1,'2015-10-19 11:41:05',1,'igloo2 top: done\r\nigloo2 bot: done\r\nbridge: done'),(148,1,9,14,'2015-10-19 12:02:45',0,'\"test\" \'test\''),(149,22,48,1,'2015-10-19 12:12:59',1,'igloo2 top: done\r\nigloo2 bot: done\r\nbridge: done'),(150,1,49,9,'2015-10-19 12:28:48',1,'Seems OK.'),(151,5,49,9,'2015-10-19 12:39:32',1,'Seems OK.'),(152,4,49,9,'2015-10-19 12:49:15',1,'Link errors are caused by a known issue in the firmware.'),(153,1,48,9,'2015-10-19 13:19:33',1,'Seems OK.'),(154,5,48,9,'2015-10-19 13:28:20',1,'Seems OK.'),(155,9,48,9,'2015-10-19 13:36:28',1,'Good!'),(156,9,49,9,'2015-10-19 13:36:43',1,'Good'),(157,9,46,9,'2015-10-19 13:37:01',1,'Good'),(158,9,47,9,'2015-10-19 13:37:17',1,'Good'),(159,4,48,9,'2015-10-19 13:37:20',1,' Link errors are caused by a known issue in the firmware.'),(160,10,49,14,'2015-10-19 13:37:46',1,'ok'),(161,10,48,14,'2015-10-19 13:37:58',1,'ok'),(162,12,48,2,'2015-10-19 13:38:18',1,'ok'),(163,12,49,14,'2015-10-19 13:38:33',1,'ok'),(164,15,48,14,'2015-10-19 13:39:31',1,'igloo top: 03.04, igloo bottom: 03.04, bridge:01.11.0000'),(165,15,49,14,'2015-10-19 13:39:42',1,'igloo top: 03.04, igloo bottom: 03.04, bridge:01.11.0000'),(166,3,48,9,'2015-10-19 13:43:03',1,'Seems OK.'),(167,3,49,9,'2015-10-19 13:46:59',1,'Seems OK.'),(168,22,33,7,'2015-10-20 08:41:33',1,'bridge: ok, igloo top: ok, igloo bottom: ok.'),(169,11,46,9,'2015-10-20 08:56:38',1,'Values in KOhms 1. CD, 2. 1.54, 3. 0.16, 4. 1.25, 5. 0.02, 6. 3.61, 7. 1.54, 8. 10.51, 9. 12.05, 10. 10.31, 11. 16.24, 12. 1.43, 13. 0.18, 14. 3.79, 15. 0.76, 16. 4.40, 17. 3.63'),(170,11,45,9,'2015-10-20 08:59:29',1,'Values in KOhms 1. CD, 2. 1.49, 3. 0.16, 4. 1.35, 5. 0.02, 6. 3.61, 7. 1.49, 8. 9.41, 9. 6.61, 10. 9.19, 11. 15.00, 12. 1.51, 13. 0.18, 14. 3.79, 15. 0.83, 16. 4.45, 17. 3.63'),(171,11,47,9,'2015-10-20 09:02:30',1,'Values in KOhms 1. CD, 2. 1.48, 3. 0.16, 4. 0.89, 5. 0.02, 6. 3.60, 7. 1.48, 8. 10.77, 9. 11.75, 10. 10.54, 11. 16.61, 12. 1.05, 13. 0.18, 14. 3.78, 15. 0.54, 16. 4.19, 17. 3.62'),(172,11,48,9,'2015-10-20 09:04:54',1,'Values in KOhms 1. CD, 2. 1.47, 3. 0.16, 4. 1.20, 5. 0.02, 6. 3.60, 7. 1.47, 8. 5.33, 9. 6.65, 10. 5.13, 11. 10.32, 12. 1.35, 13. 0.18, 14. 3.78, 15. 0.72, 16. 4.36, 17. 3.62'),(173,11,49,9,'2015-10-20 09:07:16',1,'Values in KOhms 1. CD, 2. 1.43, 3. 0.16, 4. 1.12, 5. 0.02, 6. 3.59, 7. 1.43, 8. 7.97, 9. 9.23, 10. 7.77, 11. 13.30, 12. 1.28, 13. 0.18, 14. 3.77, 15. 0.68, 16. 4.31, 17. 3.61'),(174,3,33,9,'2015-10-20 09:23:04',1,'Seems OK.'),(175,15,28,7,'2015-10-20 09:49:56',1,'bridge: 01.11.0000 , igloo top: 03.04 , igloo bottom: 03.04'),(176,3,28,9,'2015-10-20 10:17:45',1,'Seems OK.'),(177,15,43,14,'2015-10-20 10:52:10',1,'bridge: 01.11.0000\r\nigloo top: 03.04\r\nigloo bottom: 03.04'),(178,9,40,14,'2015-10-20 12:34:51',1,'ok'),(179,15,40,14,'2015-10-20 12:37:46',1,'igloo top: 03.04, igloo bottom: 03.04, bridge: 01.11.0000'),(180,10,40,14,'2015-10-20 12:39:21',1,'ok'),(181,12,40,14,'2015-10-20 12:42:23',1,'This card is in a crate with one other card. The crate is drawing 6 A at 8 V (48 W). The card appears to be drawing 1.17 A.'),(182,12,28,14,'2015-10-20 12:45:19',1,'This card is in a crate with one other card. The crate is drawing 6 A at 8 V (48 W). The card appears to be drawing 1.17 A. '),(183,10,28,14,'2015-10-20 12:45:32',1,'ok'),(184,1,5,14,'2015-10-20 12:52:09',1,''),(185,1,5,14,'2015-10-20 12:56:09',1,'r'),(186,1,5,14,'2015-10-20 13:00:07',0,'rt'),(187,3,40,9,'2015-10-20 13:04:34',1,'Seems OK.'),(188,3,5,14,'2015-10-20 13:22:38',0,'?'),(189,1,33,1,'2015-10-20 13:33:24',0,'Two intermittent bad links.'),(190,1,41,1,'2015-10-20 13:34:50',0,'One reliably bad link.'),(191,5,41,1,'2015-10-20 13:40:22',0,'One bad link. It seems to work some of the time.'),(192,15,33,14,'2015-10-20 13:52:22',1,'igloo top: 03.04, igloo bottom: 03.04, bridge: 01.11.0000 '),(193,12,33,14,'2015-10-20 13:56:53',1,'There are three cards in this crate. It\'s drawing 8.5 A at 7.8 V (66.3 W). It looks like each card is drawing 2 A.'),(194,10,33,14,'2015-10-20 13:57:15',1,'ok'),(195,10,41,14,'2015-10-20 14:03:00',1,'ok'),(196,9,41,14,'2015-10-20 14:03:38',1,'ok'),(197,3,41,9,'2015-10-20 14:38:16',1,'Seems OK.'),(198,10,47,14,'2015-10-20 14:41:34',1,'ok'),(199,10,46,14,'2015-10-20 14:41:58',1,'ok'),(200,22,46,14,'2015-10-20 14:42:45',1,'bridge: ok, igloo top: ok, igloo bottom: ok'),(201,22,47,14,'2015-10-20 14:43:19',1,'bridge: ok, igloo top: ok, igloo bottom ok'),(202,15,47,14,'2015-10-20 14:46:04',1,'bridge: 03.04, igloo top: 03.04, igloo bottom: 01.11.0000'),(203,12,41,14,'2015-10-20 14:51:15',1,'This card is alone in a crate. The crate is drawing 4 A at 8 V (32 W). This means the card is drawing 1.5 A.'),(204,15,41,14,'2015-10-20 14:52:49',1,'igloo top: 03.04, igloo bottom: 03.04, bridge: 01.11.0000'),(205,4,41,9,'2015-10-20 14:58:48',0,'Error in 2nd link.'),(206,4,33,9,'2015-10-20 15:01:20',0,'2nd, 3rd and 5th links are bad.'),(207,3,45,9,'2015-10-20 15:02:09',1,'Seems OK.'),(208,3,45,9,'2015-10-20 15:04:11',1,'Seems OK.'),(209,1,28,9,'2015-10-20 15:20:49',1,'Seems OK.'),(210,4,40,14,'2015-10-20 15:21:42',0,'Two unstable links. (I didn\'t actually run the test.)'),(211,3,43,9,'2015-10-20 15:23:38',1,'Seems OK.'),(212,5,28,9,'2015-10-20 15:27:45',1,'Seems OK.'),(213,4,28,9,'2015-10-20 15:46:38',1,'Seems OK. Link pattern errors are caused by a known issue.'),(214,3,46,9,'2015-10-20 16:03:06',1,'Seems OK.'),(215,15,46,14,'2015-10-20 16:04:41',1,'bridge: 01.11.0000, igloo top: 03.04, igloo bottom: 03.04'),(216,12,46,14,'2015-10-20 16:07:21',1,'There are two cards in this crate. The crate is drawing 5.50 A at 8 V (44 W). The card is drawing 1.5 A.'),(217,3,47,9,'2015-10-20 16:08:09',1,'Seems OK.'),(218,9,45,14,'2015-10-20 16:09:27',1,'ok'),(219,15,45,14,'2015-10-20 16:11:02',1,'bridge: 01.11.0000, igloo top: 03.04, igloo bottom: 03.04'),(220,10,45,14,'2015-10-20 16:11:21',1,'ok'),(221,1,43,9,'2015-10-20 16:14:51',0,'We saw two unstable links on uHTRtool which we weren\'t able to fix. Because of that the mean values are out of order and have a very large stdev.'),(222,12,45,14,'2015-10-20 16:17:51',1,'There are three cards in this crate. This crate is drawing 8.5 A at 7.8 V (66.3 W). This means the card is drawing 2 A.'),(223,12,47,14,'2015-10-20 16:20:59',1,'There are two cards in this crate. The crate is drawing 5.50 A at 8 V (44 W). The card is drawing 1.5 A.'),(224,5,43,9,'2015-10-20 16:21:27',0,'We saw two unstable links (links 1 and 4) on uHTRtool which we weren\'t able to fix. Because of that QIEs 5, 6, 7, 8, 17, 18, 19 and 20 doesn\'t seem to rotate.'),(225,4,43,9,'2015-10-20 16:23:06',0,'Links 1 and 4 are bad.'),(226,1,45,7,'2015-10-21 08:40:06',0,'most cap-id look normal, but 15 channels have zero pedestal mean. Another channel look very high pedestal mean.'),(227,5,45,7,'2015-10-21 08:54:04',0,'Two channels (13 and 16) reported error.'),(228,5,45,7,'2015-10-21 08:59:39',0,'Two links (13 and 16) reported error.'),(229,4,45,9,'2015-10-21 09:07:39',0,'Links 13 and 16 show error (known issue about the QIE cards). Links 13, 14 and 16 show link pattern errors (known issue).'),(230,5,33,9,'2015-10-21 09:46:26',0,'Links 19 and 22 are bad because of a known issue in the QIE cards.'),(231,4,33,9,'2015-10-21 09:48:12',0,'Links 19 and 22 show non-zero error rates because of a known issue in the QIE cards.'),(232,1,40,9,'2015-10-21 10:10:32',0,'32 capid have zero pedestal mean because of the links 13 and 16 are bad, which is a known issue of the QIE cards.'),(233,5,40,9,'2015-10-21 10:22:26',0,'Links 13 and 16 are bad, so QIEs 5, 6, 7, 8, 17, 18, 19 and 20 don\'t seem to rotate well.'),(234,4,40,9,'2015-10-21 10:26:54',0,'Links 13 and 16 have non-zero error rates because of a known issue in the QIE cards. Links 13, 16 and 17 have link pattern errors.'),(235,1,46,9,'2015-10-21 13:07:18',0,'Errors in QIE 8, CapIDs 0 and 3, because of issues in link 13.'),(236,1,47,9,'2015-10-21 13:13:15',1,'Seems OK.'),(237,11,50,11,'2015-10-21 13:18:43',0,'There`s a short between the GND and the 3.3V. '),(238,5,46,9,'2015-10-21 13:43:01',0,''),(239,5,46,9,'2015-10-21 13:46:29',0,'Because of issues in the 2nd link, Cap IDs in QIEs 5, 6, 7 and 8 doesn\'t seem to rotate well.'),(240,5,47,9,'2015-10-21 13:48:21',1,'Seems OK.'),(241,4,47,9,'2015-10-21 14:01:09',0,'Links show no error rate, but 1st and 5th links show link pattern errors.'),(242,4,46,1,'2015-10-21 14:15:44',0,'2nd link has non-zero error rate. 2nd and 3rd links show link pattern errors.'),(243,23,5,14,'2015-10-22 09:18:14',1,'\'test\''),(244,4,47,9,'2015-10-22 09:27:15',1,'2nd and 3rd links show link pattern errors, which is caused by a known issue.'),(245,4,5,14,'2015-10-22 09:43:56',1,'r'),(246,21,7,14,'2015-10-22 09:59:52',1,''),(247,15,7,14,'2015-10-22 10:00:06',1,''),(248,10,7,14,'2015-10-22 10:00:17',1,''),(249,9,7,1,'2015-10-22 10:00:26',1,''),(250,4,7,1,'2015-10-22 10:00:35',1,''),(251,5,7,1,'2015-10-22 10:00:45',1,''),(252,12,7,1,'2015-10-22 10:00:54',1,''),(253,3,7,1,'2015-10-22 10:01:02',1,''),(254,22,7,1,'2015-10-22 10:01:14',1,''),(255,11,7,1,'2015-10-22 10:01:28',1,''),(256,5,41,9,'2015-10-22 12:59:44',0,'2nd link is still bad.'),(257,9,42,9,'2015-10-26 10:33:22',1,'Ground test is OK!\r\nTR-SMP 0015'),(258,9,51,9,'2015-10-26 11:03:49',1,'Jumper 12 is missing. Everything else is OK!\r\nTR-SMP 0016'),(259,9,52,9,'2015-10-26 11:07:24',1,'Jumper 12 is missing. Everything else is OK.\r\nTR-SMP 0017'),(260,11,42,9,'2015-10-26 11:23:08',1,'Values in KOhms 1. CD, 2. 5.10, 3. 0.16, 4. 0.57, 5. 0.02, 6. 3.81, 7. 5.10, 8. 1.63, 9. 2.08, 10. 1.48, 11. 5.64, 12. 0.74, 13. 0.18, 14. 3.97, 15. 1.05, 16. 4.93, 17. 3.83'),(261,11,51,9,'2015-10-26 11:24:55',1,'Values in KOhms 1. CD, 2. 1.42, 3. 0.16, 4. 1.32, 5. 0.02, 6. 3.58, 7. 1.43, 8. 10.60, 9. 12.28, 10. 10.40, 11. 16.36, 12. 1.52, 13. 0.18, 14. 3.76, 15. 0.82, 16. 4.41, 17. 3.60'),(262,11,52,9,'2015-10-26 11:26:07',1,'Values in KOhms 1. CD, 2. 1.44, 3. 0.16, 4. 0.89, 5. 0.02, 6. 3.59, 7. 1.44, 8. 5.28, 9. 6.18, 10. 5.08, 11. 10.18, 12. 1.06, 13. 0.18, 14. 3.76, 15. 0.54, 16. 4.18, 17. 3.61'),(263,15,30,9,'2015-10-26 16:49:48',0,'Can\'t communicate with the card through ngFEC tool (ERROR!! I2C: NACK).'),(264,3,39,9,'2015-10-26 17:04:41',1,'Seems OK.'),(265,1,39,9,'2015-10-26 17:16:03',1,'Seems OK, but the pedestals of these two Caps seems to be slightly off:\r\n\r\nLink 21, Channel 2, QIE 15, Cap ID 0: Mean 6.03809019051\r\nLink 21, Channel 2, QIE 15, Cap ID 2: Mean 6.05067338072'),(266,15,39,9,'2015-10-26 17:21:38',1,'igloo top: 03.04, igloo bottom: 03.04, bridge: 01.11.0000'),(267,5,39,9,'2015-10-26 17:24:47',1,'Seems OK.'),(268,4,39,9,'2015-10-26 17:30:06',1,'Link pattern error rates are caused by a known issue. Other than that, there were no errors.'),(269,10,39,9,'2015-10-26 17:34:29',1,'OK.'),(270,10,39,9,'2015-10-26 17:39:50',1,'Missing jumper (J12) soldered to the card.'),(271,15,47,9,'2015-10-26 17:41:50',1,'bridge: 01.11.0000, igloo top: 03.04, igloo bottom: 03.04'),(272,22,38,7,'2015-10-27 10:01:06',1,'bridge: ok, igloo top: ok, igloo bottom: ok'),(273,12,38,14,'2015-10-27 10:04:49',1,'Two cards drawing 5.9 A, total.'),(274,22,52,7,'2015-10-27 10:11:28',1,'bridge: ok, igloo top: ok, igloo bottom: ok'),(275,22,32,7,'2015-10-27 10:27:11',1,'bridge: ok, igloo top: ok, igloo bottom: ok'),(276,22,51,7,'2015-10-27 10:35:06',1,'bridge: ok, igloo top: ok, igloo bottom: ok'),(277,12,42,14,'2015-10-27 10:36:16',1,'Four cards at 9.3 A and 7.8 V.'),(278,22,42,7,'2015-10-27 10:43:19',1,'bridge: ok, igloo top: ok, igloo bottom: ok'),(279,22,36,7,'2015-10-27 10:52:28',1,'bridge: ok (others were already programmed)'),(280,15,52,7,'2015-10-27 10:59:19',1,'igloo top: 03.04, igloo bottom: 03.04, bridge: 01.11.0000'),(281,15,36,7,'2015-10-27 11:06:59',1,'igloo top:03.04, igloo bottom:03.04, bridge:01.11.0000'),(282,15,32,14,'2015-10-27 12:43:24',1,'igloo top: 03.04, igloo bottom: 03.04, bridge:01.11.0000'),(283,3,52,14,'2015-10-27 12:59:26',1,'No errors, n = 5. (n is the number of times each register is written and read.)'),(284,3,36,14,'2015-10-27 13:05:50',1,'No errors with n = 5.'),(285,3,32,14,'2015-10-27 13:12:12',1,'No errors with n = 5.'),(286,15,38,14,'2015-10-27 13:17:52',0,'We weren\'t able to communicate with the board when it was plugged into HF6-12 and HF6-13. Getting QIE card registers resulted in \"#ERROR!!  I2C: LBA\". We powercycled the crate to no effect. Other cards in the same crate were fine.'),(287,10,51,14,'2015-10-27 13:20:06',1,'ok'),(288,10,52,14,'2015-10-27 13:20:23',1,'ok'),(289,10,42,14,'2015-10-27 13:21:02',1,'ok'),(290,10,36,14,'2015-10-27 13:21:25',1,'ok'),(291,15,51,7,'2015-10-27 13:26:57',1,'igloo top: 03.04, igloo bottom: 03.04,\r\n bridge: 01.11.0000'),(292,15,42,7,'2015-10-27 13:29:03',1,'igloo top: 03.04, igloo bottom: 03.04, bridge:01.11.0000'),(293,3,51,7,'2015-10-27 13:56:06',1,'No errors with n = 5.'),(294,3,42,7,'2015-10-27 13:57:05',1,'No errors with n = 5.'),(295,1,51,7,'2015-10-27 14:17:01',1,'Reasonable.'),(296,5,51,7,'2015-10-27 14:24:44',1,'No errors with n = 10.'),(297,12,51,14,'2015-10-27 14:26:28',1,'Four cards in a crate drawing 10.20 A at 7.8 V.'),(298,4,51,7,'2015-10-27 14:30:32',1,'No uHTR errors. The others don\'t work.'),(299,21,51,7,'2015-10-27 14:53:23',1,'All QIE chips appear to have functioning ICI.'),(300,1,42,7,'2015-10-27 15:17:00',1,'All CIDs are within reasonable values.'),(301,5,42,7,'2015-10-27 15:23:07',1,'No errors with n = 10.'),(302,4,42,14,'2015-10-27 15:25:00',1,'No errors measured by the uHTR.'),(303,21,42,14,'2015-10-27 15:34:01',0,'Turning on ICI mode (e.g., iTopCntrReg_CImode) destroys the links. We observed this problem with a preproduction board.'),(304,1,52,7,'2015-10-27 15:40:52',1,'No errors, reasonable pedestals.'),(305,5,52,7,'2015-10-27 15:47:16',1,'No errors with n = 10.'),(306,4,52,7,'2015-10-27 15:48:18',1,'No errors measured by the uHTR.'),(307,12,52,14,'2015-10-27 15:49:20',1,'Three cards drawing 8.2 A at 7.8 V.'),(308,21,52,7,'2015-10-27 15:57:20',1,'Ok'),(309,4,32,9,'2015-10-30 16:27:31',1,'4th and 5th links show link pattern errors because of a known issue. Seems OK.'),(310,1,32,9,'2015-10-30 16:33:59',1,'Seems OK.'),(311,5,32,9,'2015-10-30 17:13:40',1,'We had two test crashes because of link spy failures before this successful result for link 18 and link 23. The error messages are stated below:\r\n\r\nERROR (at_cid): Acquiring SPY data from Link 18 failed!\r\n[!!] Acceptance test aborted.\r\n\r\nERROR (at_cid): Acquiring SPY data from Link 23 failed!\r\n[!!] Acceptance test abor'),(312,1,36,1,'2015-10-30 21:05:06',0,'yes'),(313,9,53,7,'2015-11-02 09:27:24',1,'ok.'),(314,11,53,7,'2015-11-02 09:52:40',1,'CD	1.57	0.16	1.2	0.02	3.61	1.57	10.4	11.81	10.19	16.22	1.35	0.18	3.79	0.69	4.34	3.63'),(315,11,54,7,'2015-11-02 09:53:18',1,'CD	1.56	0.16	1.14	0.02	3.63	1.56	10.82	12.18	10.61	16.72	1.28	0.18	3.81	0.67	4.34	3.65\r\n'),(316,9,55,7,'2015-11-02 09:53:51',1,'ok'),(317,11,55,7,'2015-11-02 09:56:59',1,'608	CD	1.6	0.16	1.13	0.02	3.62	1.6	8.26	9.5	8.06	13.6	1.27	0.18	3.8	0.64	4.3	3.64 (lower than average but no shorts)'),(318,9,54,7,'2015-11-02 09:58:09',1,'ok'),(319,9,56,7,'2015-11-02 09:59:52',1,'ok'),(320,11,56,7,'2015-11-02 10:03:08',1,'CD	1.46	0.16	1.25	0.02	3.63	1.46	10.19	11.67	9.97	15.84	1.39	0.18	3.81	0.75	4.4	3.65\r\n'),(321,9,57,7,'2015-11-02 10:06:09',1,'ok'),(322,11,57,7,'2015-11-02 10:09:07',1,'CD	1.53	0.16	1.23	0.02	3.60	1.53	9.91	11.34	9.69	15.56	1.38	0.18	3.79	0.71	4.35	3.63\r\n'),(323,9,58,7,'2015-11-02 10:13:06',1,'ok'),(324,11,58,7,'2015-11-02 10:17:33',1,'CD	1.43	0.16	1.32	0.02	3.62	1.43	5.18	6.65	4.98	10.12	1.46	0.18	3.79	0.76	4.40	3.63\r\n'),(325,9,59,7,'2015-11-02 10:20:12',1,'ok'),(326,11,59,7,'2015-11-02 10:25:35',1,'CD	1.59	0.16	1.08	0.02	3.61	1.59	7.89	9.11	7.68	13.43	1.22	0.18	3.79	0.63	4.29	3.63\r\n'),(327,9,60,7,'2015-11-02 10:28:21',1,'ok'),(328,11,60,7,'2015-11-02 10:34:49',1,'CD	1.55	0.16	1.09	0.02	3.61	1.55	7.85	9.04	7.64	13.29	1.22	0.18	3.79	0.62	4.28	3.63'),(329,9,61,7,'2015-11-02 10:39:34',1,'ok'),(330,11,61,7,'2015-11-02 10:44:19',1,'CD	1.54	0.16	0.81	0.02	3.61	1.54	8.68	9.53	8.46	14.29	0.96	0.18	3.78	0.50	4.15	3.62\r\n'),(331,9,63,7,'2015-11-02 10:57:42',1,'ok'),(332,11,63,7,'2015-11-02 11:04:22',1,'CD	1.38	0.16	0.84	0.02	3.60	1.38	5.25	5.91	4.98	10.14	0.98	0.18	3.77	0.50	4.14	3.61\r\n'),(333,9,64,7,'2015-11-02 11:07:07',1,'ok'),(334,11,64,7,'2015-11-02 11:12:14',1,'CD	1.41	0.16	0.87	0.02	3.58	1.41	9.72	10.61	9.51	15.18	1.02	0.18	3.76	0.52	4.15	3.60\r\n'),(335,11,65,7,'2015-11-02 11:22:03',1,'CD	1.51	0.16	1.08	0.02	3.58	1.51	8.74	9.95	7.64	13.23	1.22	0.18	3.75	0.63	4.25	3.59\r\n'),(336,9,65,7,'2015-11-02 11:22:20',1,'ok'),(337,9,66,7,'2015-11-02 11:28:39',1,'ok, !w'),(338,11,66,7,'2015-11-02 11:29:00',1,'CD	1.49	0.16	1.01	0.02	3.58	1.49	5.47	6.50	5.28	10.51	1.15	0.18	3.75	0.58	4.20	3.59\r\n'),(339,9,67,7,'2015-11-02 11:31:52',1,'ok, !w'),(340,11,67,7,'2015-11-02 11:36:19',1,'CD	1.49	0.16	1.14	0.02	3.59	1.49	10.06	11.35	9.83	15.67	1.28	0.18	3.77	0.65	4.28	3.60\r\n'),(341,9,62,7,'2015-11-02 11:38:49',1,'ok'),(342,11,62,7,'2015-11-02 11:39:09',1,'CD	1.53	0.16	0.88	0.02	3.60	1.53	8.20	9.12	7.99	13.73	1.03	0.18	3.77	0.52	4.16	3.61\r\n'),(343,9,68,7,'2015-11-02 13:02:39',1,'ok, !w'),(344,11,68,7,'2015-11-02 13:03:03',1,'CD	1.55	0.16	1.13	0.02	3.61	1.55	4.98	6.18	4.79	9.96	1.26	0.18	3.79	0.64	4.29	3.63'),(345,9,69,7,'2015-11-02 13:04:56',1,'ok, !w'),(346,11,69,7,'2015-11-02 13:07:56',1,'CD	1.48	0.16	0.96	0.02	3.60	1.48	5.59	6.57	5.40	10.65	1.10	0.18	3.77	0.56	4.21	3.61\r\n'),(347,11,31,7,'2015-11-02 13:15:06',1,'CD	1.52	0.16	1.18	0.02	3.61	1.52	7.03	8.33	6.82	12.37	1.31	0.18	3.79	0.66	4.31	3.63\r\n'),(348,9,70,7,'2015-11-02 13:18:57',1,'0044: ok, !w'),(349,11,70,7,'2015-11-02 13:23:33',1,'CD	1.47	0.16	1.28	0.02	3.61	1.47	5.23	6.64	5.04	10.22	1.40	0.18	3.78	0.75	4.37	3.61\r\n'),(350,9,71,7,'2015-11-02 13:25:21',1,'0045: ok, !w'),(351,11,71,7,'2015-11-02 13:30:18',1,'CD	1.51	0.16	1.02	0.02	3.59	1.51	5.04	5.98	4.75	10.00	1.15	0.18	3.76	0.58	4.22	3.60'),(352,11,72,7,'2015-11-02 13:35:50',1,'CD	1.48	0.16	1.22	0.02	3.60	1.48	4.98	6.29	4.78	9.99	1.34	0.18	3.77	0.69	4.32	3.61'),(353,9,72,7,'2015-11-02 13:36:10',1,'0046: ok, !w'),(354,9,73,7,'2015-11-02 13:39:36',1,'0047: ok, !w'),(355,11,73,7,'2015-11-02 13:44:28',1,'CD	1.59	0.16	1.29	0.02	3.60	1.59	10.63	12.14	10.39	16.43	1.39	0.18	3.77	0.72	4.34	3.60'),(356,9,74,7,'2015-11-02 13:47:02',1,'0048: ok, !w'),(357,11,74,7,'2015-11-02 13:51:48',1,'CD	1.48	0.16	0.82	0.02	3.60	1.48	6.37	7.17	6.16	11.54	0.96	0.18	3.77	0.48	4.12	3.61'),(358,9,75,7,'2015-11-02 13:52:18',1,'0049: ok. !w'),(359,11,75,7,'2015-11-02 13:57:42',1,'CD	1.47	0.16	1.18	0.02	3.58	1.47	8.74	10.07	8.53	14.25	1.31	0.18	3.75	0.67	4.28	3.59'),(360,9,76,7,'2015-11-02 13:59:46',1,'0050: ok, !w'),(361,11,76,7,'2015-11-02 14:03:44',1,'CD	1.52	0.16	1.18	0.02	3.59	1.52	10.42	11.79	10.21	16.16	1.31	0.18	3.76	0.66	4.28	3.60'),(362,9,77,7,'2015-11-02 14:06:25',1,'0051: ok, !w'),(363,11,77,7,'2015-11-02 14:11:26',1,'CD	1.50	0.16	0.76	0.02	3.58	1.50	9.02	9.78	8.81	14.57	0.89	0.18	3.75	0.47	4.09	3.59'),(364,9,78,7,'2015-11-02 14:13:52',1,'0052: ok, !w'),(365,11,78,7,'2015-11-02 14:18:00',1,'CD	1.54	0.16	0.83	0.02	3.57	1.54	10.33	11.21	10.11	16.04	0.98	0.18	3.75	0.51	4.12	3.59'),(366,9,79,7,'2015-11-02 14:22:48',1,'0053: ok, !w'),(367,11,79,7,'2015-11-02 14:23:09',1,'CD	1.51	0.16	1.29	0.02	3.59	1.51	7.29	8.78	7.08	12.70	1.44	0.18	3.76	0.76	4.37	3.60'),(368,9,80,7,'2015-11-02 14:30:01',1,'0054: ok, !w'),(369,11,80,7,'2015-11-02 14:30:20',1,'CD	1.59	0.16	1.25	0.02	3.58	1.59	8.97	10.43	8.76	14.58	1.40	0.18	3.75	0.72	4.33	3.59'),(370,9,81,7,'2015-11-02 14:36:06',1,'0055: ok, !w'),(371,11,81,7,'2015-11-02 14:45:44',1,'CD	1.50	0.16	0.90	0.02	3.56	1.50	10.43	11.41	10.20	16.17	1.04	0.18	3.73	0.53	4.13	3.57'),(372,9,83,7,'2015-11-02 14:48:30',1,'0056: ok, !w'),(373,11,83,7,'2015-11-02 14:51:54',1,'CD	1.52	0.16	1.08	0.02	3.56	1.52	8.06	9.28	7.87	13.47	1.23	0.18	3.74	0.64	4.25	3.58'),(374,9,84,7,'2015-11-02 14:58:28',1,'0057: ok, !w'),(375,11,84,7,'2015-11-02 14:58:59',1,'CD	1.39	0.16	1.22	0.02	3.57	1.39	7.68	9.04	7.48	12.79	1.37	0.18	3.75	0.75	4.35	3.59'),(376,9,85,7,'2015-11-02 14:59:40',1,'0058: ok, !w'),(377,11,85,7,'2015-11-02 15:05:04',1,'CD	1.52	0.16	0.98	0.02	3.56	1.52	8.47	9.54	8.26	14.00	1.13	0.18	3.74	0.57	4.19	3.58'),(378,9,86,7,'2015-11-02 15:16:11',1,'0059: ok, !w'),(379,11,86,7,'2015-11-02 15:16:36',1,'CD	1.51	0.16	0.97	0.02	3.56	1.51	8.34	9.36	8.12	13.80	1.12	0.18	3.74	0.56	4.17	3.58'),(380,9,87,7,'2015-11-02 15:20:52',1,'0060: ok, !w'),(381,11,87,7,'2015-11-02 15:21:11',1,'CD	1.46	0.16	0.96	0.02	3.58	1.46	5.24	6.21	5.04	10.21	1.11	0.18	3.81	0.64	4.20	3.60'),(382,9,88,7,'2015-11-02 15:34:16',1,'0061: ok, !w'),(383,11,88,7,'2015-11-02 15:41:58',1,'CD	1.47	0.16	1.20	0.02	3.56	1.47	5.23	6.54	5.04	10.09	1.35	0.18	3.74	0.70	4.31	3.58'),(384,9,89,7,'2015-11-02 15:43:05',1,'0062: ok, !w'),(385,11,89,7,'2015-11-02 15:43:29',1,'CD	1.39	0.16	0.94	0.02	3.58	1.39	7.13	8.09	6.93	12.23	1.09	0.18	3.76	0.56	4.19	3.60'),(386,9,90,7,'2015-11-02 15:43:58',1,'0063: ok, !w'),(387,11,90,7,'2015-11-02 15:44:18',1,'CD	1.50	0.16	1.13	0.02	3.58	1.50	7.89	9.15	7.68	13.32	1.28	0.18	3.75	0.65	4.27	3.59'),(388,9,91,7,'2015-11-02 15:52:11',1,'0064: ok, !w'),(389,11,91,7,'2015-11-02 15:52:39',1,'CD	1.51	0.16	1.10	0.02	3.58	1.51	8.09	9.30	7.88	13.52	1.24	0.18	3.75	0.62	4.24	3.59'),(390,11,92,7,'2015-11-02 15:55:30',1,'CD	1.46	0.16	0.95	0.02	3.60	1.46	5.04	6.00	4.85	9.96	1.10	0.18	3.77	0.55	4.19	3.60'),(391,9,92,7,'2015-11-02 15:55:51',1,'0065: ok, !w'),(392,9,93,7,'2015-11-02 15:58:52',1,'0066: ok, !w'),(393,11,93,7,'2015-11-02 15:59:12',1,'CD	1.49	0.16	1.25	0.02	3.59	1.49	6.73	8.14	6.53	11.83	1.39	0.18	3.76	0.77	4.38	3.60'),(394,9,94,7,'2015-11-02 16:03:52',1,'0067: ok, !w'),(395,11,94,7,'2015-11-02 16:04:13',1,'CD	1.52	0.16	1.24	0.02	3.59	1.52	6.38	7.77	6.18	11.54	1.38	0.18	3.76	0.71	4.33	3.60'),(396,9,95,7,'2015-11-02 16:07:15',1,'0068: ok, !w'),(397,11,95,7,'2015-11-02 16:07:36',1,'CD	1.54	0.16	1.09	0.02	3.59	1.54	8.75	9.96	8.53	14.37	1.22	0.18	3.77	0.62	4.25	3.61'),(398,9,96,7,'2015-11-02 16:10:56',1,'0069: ok, !w'),(399,11,96,7,'2015-11-02 16:11:14',1,'CD	1.39	0.16	0.82	0.02	3.58	1.39	5.24	6.04	5.05	10.20	0.97	0.18	3.76	0.49	4.12	3.60'),(400,9,97,15,'2015-11-03 09:23:15',1,'TR-SMP-0070:  Missing: winchesters and J12: it\'s OK!\r\n'),(401,11,97,7,'2015-11-03 09:27:33',1,'CD	1.50	0.16	1.07	0.02	3.60	1.50	9.96	11.16	9.74	15.55	1.23	0.18	3.78	0.63	4.28	3.62'),(402,9,98,15,'2015-11-03 09:33:04',1,'TR-SMP-0071\r\nMissing winchesters.\r\nEverything else is OK!'),(403,11,98,7,'2015-11-03 09:36:19',1,'CD	1.55	0.16	1.03	0.02	3.57	1.55	8.67	9.83	8.47	14.22	1.20	0.18	3.76	0.62	4.25	3.60'),(404,9,99,15,'2015-11-03 09:37:06',1,'TR-SMP-0072\r\nMissing winchesters.\r\nEverything else is OK!'),(405,11,99,7,'2015-11-03 09:39:47',1,'CD	1.47	0.16	1.11	0.02	3.60	1.47	9.21	10.46	9.00	14.80	1.26	0.18	3.78	0.65	4.29	3.62'),(406,9,100,15,'2015-11-03 09:41:14',1,'TR-SMP-0073; Missing winchesters; Everything else is OK!'),(407,9,101,15,'2015-11-03 09:45:49',1,'TR-SMP-0074; Missing winchesters; Everything else is OK!'),(408,11,100,7,'2015-11-03 09:47:03',1,'CD	1.42	0.16	1.17	0.02	3.58	1.42	5.14	6.40	4.95	10.08	1.33	0.18	3.76	0.70	4.32	3.60'),(409,9,102,15,'2015-11-03 09:48:53',1,'TR-SMP-0075; Missing winchesters; Everything else is OK!'),(410,11,101,7,'2015-11-03 09:49:32',1,'CD	1.43	0.16	1.25	0.02	3.59	1.43	7.55	8.97	7.34	12.81	1.41	0.18	3.77	0.74	4.36	3.61'),(411,11,102,7,'2015-11-03 09:53:31',1,'CD	1.50	0.16	0.91	0.02	3.60	1.50	10.40	11.40	10.19	16.18	1.05	0.18	3.77	0.54	4.18	3.61'),(412,9,103,15,'2015-11-03 09:53:47',1,'TR-SMP-0076: Missing winchesters; Everything else is OK!'),(413,11,103,7,'2015-11-03 09:56:46',1,'CD	1.51	0.16	0.90	0.02	3.57	1.51	10.61	11.62	10.40	16.45	1.06	0.18	3.76	0.55	4.17	3.60'),(414,9,104,15,'2015-11-03 09:59:06',1,'TR-SMP-0077; Missing winchesters; Everything else is OK!'),(415,9,105,15,'2015-11-03 10:00:50',1,'TR-SMP-0078; Missing winchesters; Everything else is OK!'),(416,11,104,7,'2015-11-03 10:01:13',1,'CD	1.54	0.16	1.04	0.02	3.58	1.54	10.96	12.16	10.74	16.90	1.20	0.18	3.76	0.60	4.24	3.60'),(417,9,106,15,'2015-11-03 10:04:24',1,'TR-SMP-0079; Missing winchesters; Everything else is OK!'),(418,11,105,7,'2015-11-03 10:04:46',1,'CD	1.56	0.16	1.05	0.02	3.58	1.56	9.51	10.72	9.29	15.22	1.21	0.18	3.76	0.62	4.25	3.60'),(419,9,107,15,'2015-11-03 10:08:52',1,'TR-SMP-0080; Missing winchesters; Everything else is OK!'),(420,11,106,7,'2015-11-03 10:10:05',1,'CD	1.44	0.16	1.04	0.02	3.56	1.44	8.68	9.84	8.47	14.18	1.20	0.18	3.74	0.62	4.23	3.58'),(421,9,108,15,'2015-11-03 10:12:23',1,'TR-SMP-0081; Missing winchesters; Everything else is OK!'),(422,11,107,7,'2015-11-03 10:13:37',1,'CD	1.53	0.16	0.95	0.02	3.57	1.53	5.43	6.41	5.24	10.47	1.11	0.18	3.75	0.56	4.19	3.60'),(423,9,109,15,'2015-11-03 10:16:13',1,'TR-SMP-0082; Missing winchesters; Everything else is OK!'),(424,11,108,7,'2015-11-03 10:17:39',1,'CD	1.56	0.16	1.05	0.02	3.57	1.56	10.53	11.74	10.32	16.38	1.21	0.18	3.76	0.61	4.24	3.60'),(425,9,110,15,'2015-11-03 10:19:33',1,'TR-SMP-0083; Missing winchesters; Everything else is OK!'),(426,11,109,7,'2015-11-03 10:20:54',1,'CD	1.45	0.16	1.40	0.02	3.58	1.45	7.03	8.72	6.83	12.21	1.57	0.18	3.76	0.89	4.46	3.60'),(427,11,110,7,'2015-11-03 10:26:35',1,'CD	1.51	0.16	1.07	0.02	3.58	1.51	5.28	6.42	5.09	10.26	1.23	0.18	3.76	0.62	4.25	3.60'),(428,9,111,15,'2015-11-03 10:27:31',1,'TR-SMP-0084; Missing winchesters; Everything else is OK!'),(429,9,112,15,'2015-11-03 10:29:51',1,'TR-SMP-0085; Missing winchesters; Everything else is OK!'),(430,11,111,7,'2015-11-03 10:32:17',1,'CD	1.47	0.16	1.22	0.02	3.59	1.47	8.43	9.82	8.22	13.50	1.35	0.18	3.77	0.72	4.34	3.61'),(431,9,113,15,'2015-11-03 10:32:23',1,'TR-SMP-0086; Missing winchesters; Everything else is OK!'),(432,11,112,7,'2015-11-03 10:34:53',1,'CD	1.49	0.16	0.97	0.02	3.59	1.49	7.69	8.71	7.49	13.06	1.11	0.18	3.77	0.56	4.20	3.61'),(433,9,114,15,'2015-11-03 10:35:00',1,'TR-SMP-0087; Missing winchesters; Everything else is OK!'),(434,11,113,7,'2015-11-03 10:35:35',1,'CD	1.52	0.16	1.10	0.02	3.60	1.52	11.04	12.44	10.79	17.11	1.25	0.18	3.77	0.66	4.30	3.61'),(435,11,114,7,'2015-11-03 10:37:44',1,'CD	1.58	0.16	0.83	0.02	3.59	1.58	8.50	9.36	8.28	14.10	0.98	0.18	3.76	0.50	4.13	3.61'),(436,9,115,15,'2015-11-03 10:38:44',1,'TR-SMP-0088; Missing winchesters; Everything else is OK!'),(437,9,116,15,'2015-11-03 10:40:58',1,'TR-SMP-0089; Missing winchesters; Everything else is OK!'),(438,11,115,7,'2015-11-03 10:41:04',1,'CD	1.59	0.16	1.13	0.02	3.58	1.59	7.60	8.87	7.39	13.01	1.28	0.18	3.76	0.66	4.29	3.60'),(439,9,117,15,'2015-11-03 10:43:24',1,'TR-SMP-0090; Missing winchesters; Everything else is OK!'),(440,11,116,7,'2015-11-03 10:43:34',1,'CD	1.53	0.16	0.91	0.02	3.60	1.53	6.91	7.83	6.78	12.15	1.06	0.18	3.77	0.53	4.18	3.61'),(441,9,118,15,'2015-11-03 10:45:53',1,'TR-SMP-0091; Missing winchesters; Everything else is OK!'),(442,11,117,7,'2015-11-03 10:47:26',1,'CD	1.55	0.16	1.21	0.02	3.59	1.55	10.48	11.92	10.26	16.28	1.36	0.18	3.77	0.70	4.33	3.61'),(443,9,119,15,'2015-11-03 10:48:47',1,'TR-SMP-0092; Missing winchesters; Everything else is OK!'),(444,11,118,7,'2015-11-03 10:51:04',1,'CD	1.50	0.16	1.17	0.02	3.58	1.50	5.34	6.62	5.15	10.36	1.32	0.18	3.76	0.68	4.31	3.60'),(445,9,120,15,'2015-11-03 10:51:41',1,'TR-SMP-0093; Missing winchesters; Everything else is OK!'),(446,11,119,7,'2015-11-03 10:53:45',1,'CD	1.42	0.16	1.13	0.02	3.59	1.42	5.29	6.51	5.10	10.02	1.28	0.18	3.76	0.66	4.30	3.61'),(447,9,121,15,'2015-11-03 10:54:20',1,'TR-SMP-0094; Missing winchesters; Everything else is OK!'),(448,9,122,15,'2015-11-03 10:57:42',1,'TR-SMP-0095; Missing winchesters; Everything else is OK!'),(449,11,120,7,'2015-11-03 11:05:24',1,'CD	1.47	0.16	1.20	0.02	3.57	1.47	10.51	11.92	10.29	16.18	1.35	0.18	3.75	0.72	4.33	3.59'),(450,11,121,7,'2015-11-03 11:09:07',1,'CD	1.54	0.16	1.02	0.02	3.57	1.54	10.67	11.84	10.45	16.53	1.18	0.18	3.75	0.60	4.22	3.59'),(451,9,123,15,'2015-11-03 11:09:10',1,'TR-SMP-0096; Missing winchesters; Everything else is OK!'),(452,9,124,15,'2015-11-03 11:13:17',1,'TR-SMP-0097; Missing winchesters; Everything else is OK!'),(453,11,122,7,'2015-11-03 11:14:05',1,'CD	1.44	0.16	1.12	0.02	3.56	1.44	5.04	6.22	4.85	9.96	1.27	0.18	3.74	0.64	4.25	3.58'),(454,9,125,15,'2015-11-03 11:16:45',1,'TR-SMP-0098; Missing winchesters; Everything else is OK!'),(455,11,123,7,'2015-11-03 11:17:59',1,'CD	1.47	0.16	1.12	0.02	3.57	1.47	9.10	10.38	8.89	14.66	1.29	0.18	3.76	0.66	4.29	3.60'),(456,9,126,15,'2015-11-03 11:19:25',1,'TR-SMP-0099; Missing winchesters; Everything else is OK!'),(457,11,124,7,'2015-11-03 12:36:12',1,'CD	1.46	0.16	1.15	0.02	3.59	1.46	8.60	9.92	8.38	14.10	1.30	0.18	3.77	0.67	4.30	3.61\r\n'),(458,11,124,7,'2015-11-03 12:37:26',1,'CD	1.46	0.16	1.15	0.02	3.59	1.46	8.60	9.92	8.38	14.10	1.30	0.18	3.77	0.67	4.30	3.61'),(459,11,125,7,'2015-11-03 12:43:22',1,'CD	1.40	0.16	1.17	0.02	3.58	1.40	7.98	9.31	7.78	13.28	1.32	0.18	3.76	0.67	4.29	3.59'),(460,9,127,15,'2015-11-03 12:45:29',1,'TR-SMP-0100; Missing winchesters; Everything else is OK!'),(461,9,128,15,'2015-11-03 12:48:06',1,'TR-SMP-0101; Missing winchesters; Everything else is OK!'),(462,11,126,7,'2015-11-03 12:48:40',1,'CD	1.47	0.16	0.92	0.02	3.57	1.47	7.58	8.55	7.38	12.93	1.09	0.18	3.76	0.55	4.18	3.60'),(463,9,129,15,'2015-11-03 12:52:13',1,'TR-SMP-0102; Missing winchesters; Everything else is OK!'),(464,11,127,7,'2015-11-03 12:52:16',1,'CD	1.40	0.16	0.94	0.02	3.57	1.40	10.35	11.35	10.14	15.84	1.10	0.18	3.76	0.56	4.19	3.60'),(465,11,128,7,'2015-11-03 12:56:26',1,'CD	1.42	0.16	0.77	0.02	3.57	1.42	4.97	5.75	4.83	9.93	0.92	0.18	3.75	0.48	4.10	3.59'),(466,9,130,15,'2015-11-03 12:56:57',1,'TR-SMP-0103; Missing winchesters; Everything else is OK!'),(467,11,129,7,'2015-11-03 12:59:51',1,'CD	1.56	0.16	0.79	0.02	3.57	1.56	8.63	9.45	8.43	14.18	0.95	0.18	3.76	0.48	4.11	3.60'),(468,9,131,15,'2015-11-03 13:01:50',1,'TR-SMP-0104; Missing winchesters; Everything else is OK!'),(469,11,130,7,'2015-11-03 13:02:46',1,'CD	1.54	0.16	1.07	0.02	3.57	1.54	8.29	9.49	8.09	13.84	1.23	0.18	3.75	0.62	4.24	3.59'),(470,9,132,15,'2015-11-03 13:05:15',1,'TR-SMP-0105; Missing winchesters; Everything else is OK!'),(471,11,131,7,'2015-11-03 13:06:11',1,'CD	1.44	0.16	0.93	0.02	3.57	1.44	5.13	6.10	4.94	10.03	1.09	0.18	3.75	0.57	4.20	3.59'),(472,9,133,15,'2015-11-03 13:08:37',1,'TR-SMP-0106; Missing winchesters; Everything else is OK!'),(473,11,132,7,'2015-11-03 13:08:59',1,'CD	1.52	0.16	1.04	0.02	3.56	1.52	10.60	11.79	10.39	16.46	1.20	0.18	3.74	0.60	4.21	3.58'),(474,11,133,7,'2015-11-03 13:12:46',1,'CD	1.40	0.16	1.05	0.02	3.58	1.40	5.18	6.30	4.99	10.17	1.21	0.18	3.76	0.63	4.26	3.60'),(475,9,134,15,'2015-11-03 13:12:48',1,'TR-SMP-0107; Missing winchesters; Everything else is OK!'),(476,11,134,7,'2015-11-03 13:16:25',1,'CD	1.36	0.16	1.09	0.02	3.56	1.36	5.19	6.35	5.00	10.04	1.25	0.18	3.74	0.63	4.25	3.58'),(477,9,135,15,'2015-11-03 13:17:20',1,'TR-SMP-0108; Missing winchesters; Everything else is OK!'),(478,9,136,15,'2015-11-03 13:22:24',1,'TR-SMP-0109; Missing winchesters; Everything else is OK!'),(479,11,135,7,'2015-11-03 13:22:57',1,'CD	1.43	0.16	1.04	0.02	3.56	1.43	8.36	9.52	8.16	13.72	1.20	0.18	3.75	0.64	4.25	3.59'),(480,9,137,15,'2015-11-03 13:25:44',1,'TR-SMP-0110; Missing winchesters; Everything else is OK!'),(481,11,136,7,'2015-11-03 13:26:28',1,'CD	1.39	0.16	1.00	0.02	3.55	1.39	10.43	11.54	10.23	16.11	1.15	0.18	3.74	0.59	4.20	3.58'),(482,9,138,15,'2015-11-03 13:29:00',1,'TR-SMP-0111; Missing winchesters; Everything else is OK!'),(483,11,137,7,'2015-11-03 13:29:24',1,'CD	1.54	0.16	0.91	0.02	3.57	1.54	10.38	11.36	10.18	16.05	1.06	0.18	3.75	0.54	4.17	3.59'),(484,9,139,15,'2015-11-03 13:32:53',1,'TR-SMP-0112; Missing winchesters; Everything else is OK!'),(485,11,138,7,'2015-11-03 13:33:22',1,'CD	1.45	0.16	0.93	0.02	3.56	1.45	5.30	6.24	5.11	10.26	1.09	0.18	3.74	0.55	4.16	3.58'),(486,11,139,7,'2015-11-03 13:36:50',1,'CD	1.44	0.16	1.01	0.02	3.57	1.44	5.18	6.23	4.99	10.14	1.16	0.18	3.75	0.60	4.22	3.59'),(487,9,140,15,'2015-11-03 13:37:06',1,'TR-SMP-0113; Missing winchesters; Everything else is OK!'),(488,9,141,15,'2015-11-03 13:40:39',1,'TR-SMP-0114; Missing winchesters; Everything else is OK!'),(489,11,140,7,'2015-11-03 13:41:02',1,'CD	1.52	0.16	1.05	0.02	3.56	1.52	7.61	8.74	7.41	12.92	1.21	0.18	3.74	0.60	4.22	3.58'),(490,9,142,15,'2015-11-03 13:44:37',1,'TR-SMP-0115; Missing winchesters; Everything else is OK!'),(491,11,141,7,'2015-11-03 13:45:46',1,'CD	1.48	0.16	1.07	0.02	3.57	1.48	10.67	11.91	10.46	16.42	1.23	0.18	3.75	0.63	4.25	3.58'),(492,9,143,15,'2015-11-03 13:49:37',1,'TR-SMP-0116; Missing winchesters; Everything else is OK!'),(493,11,142,7,'2015-11-03 13:50:14',1,'CD	1.42	0.16	0.99	0.02	3.56	1.42	5.33	6.36	5.13	10.31	1.15	0.18	3.75	0.58	4.20	3.58'),(494,9,144,15,'2015-11-03 13:53:28',1,'TR-SMP-0117; Missing winchesters; Everything else is OK!'),(495,11,143,7,'2015-11-03 13:57:12',1,'CD	1.48	0.15	0.97	0.02	3.57	1.48	5.18	6.21	5.00	10.18	1.12	0.18	3.74	0.59	4.21	3.59'),(496,9,145,15,'2015-11-03 13:59:21',1,'TR-SMP-0118; Missing winchesters; Everything else is OK!'),(497,11,144,7,'2015-11-03 14:01:29',1,'CD	1.39	0.16	1.04	0.02	3.55	1.39	10.20	11.36	10.00	15.80	1.20	0.18	3.73	0.62	4.22	3.58'),(498,9,146,15,'2015-11-03 14:02:29',1,'TR-SMP-0119; Missing winchesters; Everything else is OK!'),(499,9,147,15,'2015-11-03 14:07:46',1,'TR-SMP-0120; Missing winchesters; Everything else is OK!'),(500,11,145,7,'2015-11-03 14:10:01',1,'CD	1.42	0.16	0.97	0.02	3.56	1.42	10.26	11.31	10.06	15.91	1.13	0.18	3.75	0.56	4.18	3.59'),(501,11,146,7,'2015-11-03 14:15:10',1,'CD	1.57	0.16	1.23	0.02	3.57	1.57	7.85	9.29	7.64	13.33	1.39	0.18	3.75	0.73	4.34	3.59'),(502,11,147,7,'2015-11-03 14:19:02',1,'CD	1.44	0.16	1.08	0.02	3.57	1.44	6.84	8.01	6.64	12.04	1.23	0.18	3.74	0.63	4.25	3.58'),(503,9,151,15,'2015-11-04 09:38:25',1,'TR-SMP-0124; Missing winchesters; Everything else is OK!'),(504,9,148,7,'2015-11-04 09:40:31',1,'TR-SMP-0121; It\'s OK!'),(505,9,149,7,'2015-11-04 09:41:24',1,'TR-SMP-0122; It\'s OK!'),(506,9,150,7,'2015-11-04 09:42:30',1,'TR-SMP-0123; It\'s OK!'),(507,9,152,15,'2015-11-04 09:46:07',1,'TR-SMP-0125; Missing winchesters; Everything else is OK!'),(508,9,153,15,'2015-11-04 09:50:57',1,'TR-SMP-0126; Missing winchesters; Everything else is OK!'),(509,9,154,15,'2015-11-04 09:58:05',1,'TR-SMP-0127; Missing winchesters; Everything else is OK!'),(510,11,151,5,'2015-11-04 09:59:57',1,'CD	1.56	0.16	1.04	0.02	3.54	10.86 12.07 10.63 16.77	1.20	0.18	3.72	0.62	4.20	3.56'),(511,11,150,7,'2015-11-04 10:01:05',1,'CD	1.54	0.16	1.18	0.02	3.61	5.36	6.65	5.17	10.41 1.32 0.18 3.78	0.70	4.34	3.62'),(512,11,149,7,'2015-11-04 10:02:17',1,'CD	1.67	0.16	1.09	0.02	3.61	11.03 12.31 10.79 17.03 1.23	0.18	3.79	0.63	4.29	3.63\r\n'),(513,11,148,7,'2015-11-04 10:03:25',1,'CD	1.57	0.16	1.45	0.02	3.62	5.21	6.91	5.02	10.23 1.60 0.18	3.80	0.87	4.49	3.64'),(514,9,156,15,'2015-11-04 10:07:05',1,'TR-SMP-0128; Missing winchesters; Everything else is OK!'),(515,11,153,7,'2015-11-04 10:10:01',1,'CD	1.56	0.16	1.08	0.02	3.57	1.56	8.31	9.52	8.11	13.81	1.24	0.18	3.75	0.63	4.25	3.59'),(516,9,157,15,'2015-11-04 10:10:20',1,'TR-SMP-0129; Missing winchesters; Everything else is OK!'),(517,11,154,7,'2015-11-04 10:12:18',1,'CD	1.49	0.16	1.14	0.02	3.58	1.49	9.92	11.25	9.72	15.49	1.30	0.18	3.76	0.69	4.31	3.60'),(518,9,158,15,'2015-11-04 10:12:47',1,'TR-SMP-0130; Missing winchesters; Everything else is OK!'),(519,11,156,7,'2015-11-04 10:14:41',1,'CD	1.42	0.16	1.14	0.02	3.57	1.42	8.67	9.97	8.46	14.17	1.31	0.18	3.75	0.66	4.28	3.59'),(520,9,159,15,'2015-11-04 10:15:17',1,'TR-SMP-0131; Missing winchesters; Everything else is OK!'),(521,11,157,7,'2015-11-04 10:16:47',1,'CD	1.50	0.16	1.12	0.02	3.57	1.50	10.79	12.10	10.57	16.67	1.28	0.18	3.75	0.65	4.27	3.59'),(522,9,160,15,'2015-11-04 10:18:33',1,'TR-SMP-0132; Missing winchesters; everything else is OK!'),(523,11,158,7,'2015-11-04 10:20:27',1,'CD	1.47	0.16	1.01	0.02	3.58	1.47	8.47	9.56	8.26	13.86	1.16	0.18	3.76	0.60	4.23	3.60	11:28'),(524,9,161,15,'2015-11-04 10:21:00',1,'TR-SMP-0133; Missing winchesters; Everything else is OK!'),(525,11,159,7,'2015-11-04 10:23:13',1,'CD	1.49	0.16	1.24	0.02	3.57	1.49	10.07	11.54	9.86	15.77	1.39	0.18	3.75	0.73	4.33	3.59'),(526,9,162,15,'2015-11-04 10:24:06',1,'TR-SMP-0134; Missing winchesters; Everything else is OK!'),(527,11,160,7,'2015-11-04 10:25:41',1,'CD	1.48	0.16	0.77	0.02	3.58	1.48	7.66	8.44	7.60	13.20	0.93	0.18	3.76	0.47	4.10	3.61'),(528,9,163,15,'2015-11-04 10:26:53',1,'TR-SMP-0135; Missing winchesters; Everything else is OK!'),(529,11,161,7,'2015-11-04 10:28:19',1,'CD	1.48	0.16	0.79	0.02	3.59	1.48	10.31	11.13	10.10	15.97	0.94	0.18	3.77	0.48	4.12	3.61'),(530,9,164,15,'2015-11-04 10:29:31',1,'TR-SMP-0136; Missing winchesters; Everything else is OK!'),(531,9,165,15,'2015-11-04 10:32:40',1,'TR-SMP-0137; Missing winchesters; Everything else is OK!'),(532,11,162,7,'2015-11-04 10:39:33',1,'CD	1.48	0.16	1.11	0.02	3.57	1.48	7.90	9.13	7.70	13.26	1.24	0.18	3.75	0.64	4.26	3.59'),(533,9,166,15,'2015-11-04 10:40:10',1,'TR-SMP-0138; Missing winchesters; Everything else is OK!'),(534,11,163,7,'2015-11-04 10:41:50',1,'CD	1.48	0.16	1.19	0.02	3.57	1.48	8.14	9.51	7.94	13.49	1.35	0.18	3.75	0.72	4.32	3.59'),(535,9,167,15,'2015-11-04 10:42:54',1,'TR-SMP-0139; Missing winchesters; Everything else is OK!'),(536,11,164,7,'2015-11-04 10:43:50',1,'CD	1.45	0.16	0.87	0.02	3.57	1.45	7.04	7.93	6.83	12.31	1.02	0.18	3.75	0.52	4.14	3.59'),(537,11,165,7,'2015-11-04 10:46:00',1,'CD	1.44	0.16	1.21	0.02	3.56	1.44	5.30	6.65	5.11	10.29	1.37	0.18	3.75	0.73	4.33	3.59'),(538,9,168,15,'2015-11-04 10:46:26',1,'TR-SMP-0140; Missing winchesters; Everything else is OK!'),(539,11,166,7,'2015-11-04 10:48:04',1,'CD	1.52	0.16	0.85	0.02	3.58	1.52	7.39	8.27	7.19	12.69	1.01	0.18	3.76	0.52	4.15	3.60'),(540,9,169,15,'2015-11-04 10:48:33',1,'TR-SMP-0141; Missing winchesters; Everything else is OK!'),(541,11,152,7,'2015-11-04 10:48:46',1,'CD	1.50	0.16	1.20	0.02	3.57	1.50	5.11	6.41	4.92	10.07	1.35	0.18	3.76	0.68	4.30	3.60'),(542,11,167,7,'2015-11-04 10:50:57',1,'CD	1.43	0.16	1.35	0.02	3.56	1.43	6.77	8.40	6.58	11.95	1.51	0.18	3.75	0.90	4.45	3.59'),(543,9,170,15,'2015-11-04 10:51:02',1,'TR-SMP-0142; Missing winchesters; Everything else is OK!'),(544,11,168,7,'2015-11-04 10:53:25',1,'CD	1.46	0.16	1.29	0.02	3.57	1.46	10.26	11.80	10.04	15.89	1.45	0.18	3.75	0.77	4.37	3.59'),(545,9,171,15,'2015-11-04 10:53:32',1,'TR-SMP-0143; Missing winchesters; Everything else is OK!'),(546,11,169,7,'2015-11-04 10:57:56',1,'CD	1.43	0.16	1.35	0.02	3.57	1.43	5.37	6.92	5.18	10.38	1.51	0.18	3.75	0.83	4.41	3.59'),(547,9,172,15,'2015-11-04 10:58:11',1,'TR-SMP-0144; Missing winchesters; Everything else is OK!'),(548,11,170,7,'2015-11-04 11:00:25',1,'CD	1.43	0.16	1.15	0.02	3.57	1.43	8.15	9.43	7.95	13.46	1.30	0.18	3.75	0.67	4.28	3.59'),(549,9,173,15,'2015-11-04 11:00:38',1,'TR-SMP-0145; Missing winchesters; Everything else is OK!'),(550,11,171,7,'2015-11-04 11:02:54',1,'CD	1.46	0.16	1.05	0.02	3.57	1.46	7.56	8.72	7.35	12.87	1.21	0.18	3.75	0.63	4.25	3.59'),(551,9,174,15,'2015-11-04 11:03:45',1,'TR-SMP-0146; Missing winchesters; Everything else is OK!'),(552,9,168,17,'2015-11-04 11:06:10',1,'There\'s a small scratch across the bottom of the Winchester pads.'),(553,11,172,7,'2015-11-04 11:07:46',1,'CD	1.49	0.16	1.33	0.02	3.57	1.49	8.30	9.90	8.08	13.76	1.46	0.18	3.74	0.79	4.38	3.58'),(554,9,175,15,'2015-11-04 11:08:36',1,'TR-SMP-0147; Missing winchesters; Everything else is OK!'),(555,11,173,7,'2015-11-04 11:10:52',1,'CD	1.55	0.16	1.14	0.02	3.56	1.55	9.36	10.71	9.16	14.99	1.30	0.18	3.74	0.68	4.29	3.58'),(556,11,174,7,'2015-11-04 11:14:05',1,'CD	1.47	0.16	1.01	0.02	3.56	1.47	10.33	11.46	10.12	15.95	1.17	0.18	3.74	0.60	4.21	3.58'),(557,9,176,15,'2015-11-04 11:14:37',1,'TR-SMP-0148; Missing winchesters; There is a \"TP\" rotated (on the right side of the board near AVCC). Also a tiny portion of glue.\r\nEverything else is OK!'),(558,9,172,17,'2015-11-04 11:16:49',1,'Shallow scratch on the back of the Winchester connector'),(559,11,175,7,'2015-11-04 11:17:41',1,'CD	1.44	0.16	0.90	0.02	3.55	1.44	5.26	6.17	5.06	10.21	1.06	0.18	3.73	0.55	4.15	3.57'),(560,9,177,15,'2015-11-04 11:19:36',1,'TR-SMP-0149; Missing winchesters; Everything else is OK!'),(561,11,176,7,'2015-11-04 11:21:22',1,'CD	1.42	0.16	1.02	0.02	3.55	1.42	7.72	8.79	7.53	12.78	1.18	0.18	3.73	0.61	4.22	3.57'),(562,9,178,15,'2015-11-04 11:22:29',1,'TR-SMP-0150; Missing winchesters; Everything else is OK!'),(563,9,179,15,'2015-11-04 11:27:16',1,'TR-SMP-0151; Missing winchesters; Everything else is OK!'),(564,11,177,7,'2015-11-04 11:28:26',1,'CD	1.44	0.16	1.12	0.02	3.55	1.44	5.16	6.38	4.98	10.12	1.28	0.18	3.73	0.68	4.27	3.57'),(565,9,180,15,'2015-11-04 11:31:59',1,'TR-SMP-0152; Missing winchesters; Everything else is OK!'),(566,11,178,7,'2015-11-04 11:35:53',0,'5.0 to GND is shorted: CD	1.41	0.16	0.90	0.02	0.00	1.41	8.25	9.19	8.05	8.02	1.05	0.18	0.16	0.55	0.53	0.02 (three other values low)'),(567,9,181,15,'2015-11-04 11:37:00',1,'TR-SMP-0153; Missing winchesters; Everything else is OK!'),(568,11,179,7,'2015-11-04 13:00:53',1,'CD	1.51	0.16	0.95	0.02	3.60	1.51	5.44	6.41	5.24	10.51	1.09	0.18	3.77	0.55	4.20	3.61'),(569,11,180,7,'2015-11-04 13:03:39',1,'CD	1.57	0.16	1.43	0.02	3.60	1.57	10.60	12.42	10.38	16.44	1.57	0.18	3.77	0.90	4.48	3.61'),(570,11,181,7,'2015-11-04 13:07:09',1,'CD	1.54	0.16	1.24	0.02	3.58	1.54	10.39	11.90	10.18	16.16	1.39	0.18	3.76	0.75	4.36	3.60'),(571,9,182,14,'2015-11-04 13:10:09',1,'0154: ok, !w'),(572,11,182,7,'2015-11-04 13:13:56',1,'CD	1.53	0.16	0.84	0.02	3.60	1.53	7.42	8.23	7.23	12.34	0.98	0.18	3.77	0.51	4.15	3.61'),(573,9,183,14,'2015-11-04 13:14:57',1,'0155: ok, !w'),(574,11,183,7,'2015-11-04 13:20:17',1,'CD	1.50	0.16	0.97	0.02	3.58	1.50	5.81	6.83	5.61	10.91	1.12	0.18	3.76	0.59	4.21	3.60'),(575,9,184,7,'2015-11-04 13:22:15',1,'0156: ok, !w'),(576,11,184,7,'2015-11-04 13:29:53',1,'CD	1.54	0.16	0.88	0.02	3.57	1.54	8.01	8.95	7.93	13.13	1.03	0.18	3.75	0.53	4.15	3.59'),(577,9,185,7,'2015-11-04 13:39:05',1,'0157: ok, !w'),(578,11,185,7,'2015-11-04 13:39:20',1,'CD	1.51	0.16	0.82	0.02	3.57	1.51	8.59	9.44	8.39	14.05	0.96	0.18	3.75	0.50	4.12	3.59'),(579,9,186,7,'2015-11-04 13:40:56',1,'0158: ok, !w (paint test marks)'),(580,11,186,7,'2015-11-04 13:46:31',1,'CD	1.51	0.16	1.13	0.02	3.57	1.51	10.47	11.80	10.26	16.27	1.29	0.18	3.75	0.66	4.28	3.59'),(581,9,187,7,'2015-11-04 13:49:18',1,'0159: ok, !w'),(582,11,187,7,'2015-11-04 13:53:32',1,'CD	1.40	0.16	1.27	0.02	3.57	1.40	5.17	6.58	4.98	10.10	1.42	0.18	3.74	0.75	4.34	3.58'),(583,9,188,7,'2015-11-04 13:55:42',1,'0160: ok, !w'),(584,9,189,15,'2015-11-04 13:59:11',1,'TR-SMP-0161; Missing winchesters; Everything else is OK!'),(585,11,188,7,'2015-11-04 14:02:44',1,'CD	1.56	0.16	0.85	0.02	3.56	1.56	8.12	9.00	7.91	13.60	1.00	0.18	3.74	0.51	4.11	3.58'),(586,9,190,15,'2015-11-04 14:03:43',1,'TR-SMP-0163; Missing winchesters; Everything else is OK!'),(587,11,189,7,'2015-11-04 14:06:54',1,'CD	1.41	0.16	1.10	0.02	3.55	1.41	5.66	6.95	5.43	11.21	1.26	0.18	3.73	0.65	4.25	3.53'),(588,9,191,15,'2015-11-04 14:08:08',1,'TR-SMP-0162; Missing winchesters; Everything else is OK!'),(589,11,190,7,'2015-11-04 14:09:45',1,'CD	1.40	0.16	1.10	0.02	3.54	1.40	5.18	6.37	4.99	10.10	1.27	0.18	3.72	0.67	4.26	3.56'),(590,9,192,15,'2015-11-04 14:12:12',1,'TR-SMP-0164; Missing winchesters; Everything else is OK!'),(591,11,191,7,'2015-11-04 14:15:25',1,'CD	1.36	0.16	0.87	0.02	3.54	1.36	6.65	7.53	6.45	11.76	1.03	0.18	3.72	0.52	4.12	3.56'),(592,9,193,15,'2015-11-04 14:15:58',1,'TR-SMP-0165; Missing winchesters; Everything else is OK!'),(593,11,192,7,'2015-11-04 14:18:28',1,'CD	1.45	0.16	0.81	0.02	3.56	1.45	7.07	7.89	6.87	12.32	0.97	0.18	3.74	0.50	4.12	3.58'),(594,9,194,15,'2015-11-04 14:19:41',1,'TR-SMP-0166; Missing winchesters; Everything else is OK!'),(595,9,195,15,'2015-11-04 14:24:19',1,'TR-SMP-0167; Missing winchesters; Everything else is OK!'),(596,11,193,7,'2015-11-04 14:24:27',1,'CD	1.48	0.16	1.23	0.02	3.54	1.48	7.26	8.70	7.06	12.61	1.39	0.18	3.72	0.75	4.32	3.56'),(597,11,194,7,'2015-11-04 14:29:21',1,'CD	1.36	0.16	1.05	0.02	3.55	1.36	7.84	8.96	7.64	12.95	1.21	0.18	3.73	0.62	4.22	3.57'),(598,9,196,15,'2015-11-04 14:31:58',1,'TR-SMP-0168; Missing winchesters; Everything else is OK!'),(599,9,197,15,'2015-11-04 14:36:42',1,'TR-SMP-0169; Missing winchesters; Everything else is OK!'),(600,11,195,7,'2015-11-04 14:38:46',1,'CD	1.45	0.16	0.90	0.02	3.54	1.45	5.17	6.08	4.98	10.10	1.06	0.18	3.72	0.55	4.14	3.56'),(601,9,198,15,'2015-11-04 14:40:12',1,'TR-SMP-0170; Missing winchesters; Everything else is OK!'),(602,11,196,7,'2015-11-04 14:41:32',1,'CD	1.44	0.16	1.12	0.02	3.54	1.44	10.00	11.27	9.80	15.43	1.28	0.18	3.72	0.67	4.26	3.56'),(603,11,197,7,'2015-11-04 14:44:18',1,'CD	1.42	0.16	0.91	0.02	3.53	1.42	8.64	9.61	8.43	14.09	1.07	0.18	3.71	0.55	4.14	3.56'),(604,9,199,15,'2015-11-04 14:45:28',1,'TR-SMP-0171; Missing winchesters; A little bit glue on right board side. Everything else is OK!'),(605,11,198,7,'2015-11-04 14:46:48',1,'CD	1.42	0.16	1.12	0.02	3.54	1.42	8.68	9.94	8.46	14.15	1.27	0.18	3.72	0.66	4.24	3.56'),(606,11,199,7,'2015-11-04 14:48:59',1,'CD	1.35	0.16	0.96	0.02	3.53	1.35	6.56	7.57	6.37	11.61	1.12	0.18	3.71	0.59	4.18	3.56'),(607,9,200,15,'2015-11-04 14:50:38',1,'TR-SMP-0177; Missing winchesters; Everything else is OK!'),(608,11,200,7,'2015-11-04 14:53:26',1,'CD	1.51	0.16	0.81	0.02	3.55	1.51	7.28	8.09	7.08	12.50	0.97	0.18	3.73	0.50	4.10	3.57'),(609,9,201,15,'2015-11-04 14:54:27',1,'TR-SMP-0178; Missing winchesters; Everything else is OK!'),(610,11,201,7,'2015-11-04 14:57:09',1,'CD	1.39	0.16	1.04	0.02	3.55	1.39	7.59	8.83	7.49	12.96	1.20	0.18	3.73	0.61	4.22	3.57'),(611,9,202,15,'2015-11-04 14:59:02',1,'TR-SMP-0172; Missing winchesters; Some scratch on back board; Everything else is OK!'),(612,9,203,15,'2015-11-04 15:02:40',1,'TR-SMP-0175; Missing winchesters; Everything else is OK!'),(613,9,204,15,'2015-11-04 15:10:55',1,'TR-SMP-0173; Missing winchesters; Everything else is OK!'),(614,11,202,7,'2015-11-04 15:12:17',1,'CD	1.46	0.16	1.26	0.02	3.54	1.46	6.93	8.39	6.74	12.14	1.42	0.18	3.73	0.76	4.34	3.57'),(615,11,203,7,'2015-11-04 15:14:25',1,'CD	1.46	0.16	1.19	0.02	3.54	1.46	5.13	6.42	4.94	10.04	1.34	0.18	3.72	0.69	4.28	3.56'),(616,9,205,15,'2015-11-04 15:14:57',1,'TR-SMP-0174; Missing winchesters; Everything else is OK!'),(617,9,206,15,'2015-11-04 15:19:01',1,'TR-SMP-0176; Missing winchesters; Everything else is OK!'),(618,11,204,7,'2015-11-04 15:20:35',1,'CD	1.39	0.16	1.08	0.02	3.54	1.39	5.08	6.23	4.89	10.00	1.24	0.18	3.72	0.65	4.24	3.56'),(619,11,205,7,'2015-11-04 15:22:46',1,'CD	1.48	0.16	0.97	0.02	3.54	1.48	6.95	7.99	6.75	12.20	1.13	0.18	3.73	0.58	4.17	3.56'),(620,9,207,15,'2015-11-04 15:24:37',1,'TR-SMP-0179; Missing winchesters; Everything else is OK!'),(621,11,206,7,'2015-11-04 15:25:16',1,'CD	1.37	0.16	0.84	0.02	3.54	1.37	7.23	8.07	7.03	12.44	1.00	0.18	3.72	0.50	4.09	3.56'),(622,11,207,7,'2015-11-04 15:28:35',1,'CD	1.55	0.16	0.78	0.02	3.54	1.55	10.98	11.81	10.76	16.88	0.94	0.18	3.72	0.48	4.07	3.56'),(623,9,208,15,'2015-11-04 15:28:56',1,'TR-SMP-0180; Missing winchesters; Everything else is OK!'),(624,11,208,7,'2015-11-04 15:33:03',1,'CD	1.46	0.16	0.98	0.02	3.54	1.46	7.44	8.50	7.24	12.76	1.14	0.18	3.72	0.59	4.18	3.56'),(625,9,209,15,'2015-11-04 15:36:06',1,'TR-SMP-0181; Missing winchesters; Everything else is OK!'),(626,9,210,15,'2015-11-04 15:39:10',1,'TR-SMP-0183; Missing winchesters; Everything else is OK!'),(627,11,209,7,'2015-11-04 15:39:12',1,'CD	1.39	0.16	0.79	0.02	3.52	1.39	6.69	7.48	6.57	11.88	0.95	0.18	3.70	0.49	4.06	3.54'),(628,11,210,7,'2015-11-04 15:44:32',0,'Many shorts!: CD	1.52	0.16	1.20	0.00	0.00	1.52	7.52	8.88	7.28	7.28	1.35	0.16	0.16	0.68	0.68	0.00'),(629,9,211,15,'2015-11-04 15:44:50',1,'TR-SMP-0182; Missing winchesters; Everything else is OK!'),(630,11,211,7,'2015-11-04 15:51:15',1,'CD	1.48	0.16	0.97	0.02	3.53	1.48	8.32	9.39	8.11	13.79	1.13	0.18	3.72	0.59	4.18	3.56'),(631,22,129,9,'2015-11-05 11:14:32',1,'Bridge: OK, Igloo top: OK, Igloo bottom: OK'),(632,15,129,9,'2015-11-05 11:32:26',1,'bridge: 01.11.0000, igloo top: 03.04, igloo bottom: 03.04'),(633,15,129,9,'2015-11-05 11:33:14',1,'bridge: 01.11.0000, igloo top: 03.04, igloo bottom: 03.04 '),(634,22,127,9,'2015-11-05 13:11:04',1,'Bridge: OK, Igloo top: OK, Igloo bottom: OK'),(635,22,128,15,'2015-11-05 14:03:01',1,'Bridge OK; Igloo top OK; Igloo bottom OK.'),(636,22,108,15,'2015-11-05 14:21:46',1,'Bridge OK; Igloo top OK; Igloo bottom OK.'),(637,22,152,15,'2015-11-05 14:39:27',1,'Bridge OK; Igloo top OK; Igloo bottom OK.'),(638,22,153,15,'2015-11-05 15:05:20',1,'Bridge OK; Igloo top OK; Igloo bottom OK.'),(639,22,159,15,'2015-11-05 15:17:50',1,'Bridge OK; Igloo top OK; Igloo bottom OK.'),(640,22,160,15,'2015-11-05 15:32:33',1,'Bridge OK; Igloo top OK; Igloo bottom OK.'),(641,22,158,15,'2015-11-05 15:44:05',1,'Bridge OK; Igloo top OK; Igloo bottom OK.'),(642,22,157,15,'2015-11-05 15:59:00',1,'Bridge OK; Igloo top OK; Igloo bottom OK.'),(643,22,156,15,'2015-11-05 16:09:31',1,'Bridge OK; Igloo top OK; Igloo bottom OK.'),(644,22,154,15,'2015-11-05 16:20:59',1,'Bridge OK; Igloo top OK; Igloo bottom OK.'),(645,22,190,15,'2015-11-05 16:34:25',1,'Bridge OK; Igloo top OK; Igloo bottom OK.'),(646,22,189,15,'2015-11-05 16:47:06',1,'Bridge OK; Igloo top; Igloo bottom.'),(647,22,189,15,'2015-11-05 16:49:24',1,'Bridge OK; Igloo top OK; Igloo bottom OK'),(648,22,187,9,'2015-11-06 10:53:48',1,'Bridge: OK, Igloo top: OK, Igloo bottom: OK'),(649,15,128,9,'2015-11-06 11:26:25',1,'igloo top: 03.04, igloo bottom: 03.04, bridge: 01.11.0000'),(650,4,128,9,'2015-11-06 11:29:22',1,'Seems OK.'),(651,1,128,9,'2015-11-06 11:33:47',1,'Seems OK.'),(652,5,128,9,'2015-11-06 12:44:56',1,'Seems OK.'),(653,12,128,9,'2015-11-06 12:53:30',1,'ngCCM + QIE = 3.9A\r\nTotal Current - ngCCM = 1.7A'),(654,4,35,9,'2015-11-06 14:29:03',0,'2nd link is bad.'),(655,1,187,14,'2015-11-09 10:20:10',1,'One CID is above 6, but that\'s not bad.'),(656,15,187,14,'2015-11-09 10:21:22',1,'igloo top: 03.04, igloo bottom: 03.04, bridge: 01.11.0000'),(657,12,187,14,'2015-11-09 10:24:47',1,'Card and ngCCM draws 3.90 A at 7.99 V (31.2 W)'),(658,5,187,14,'2015-11-09 10:33:14',1,'No errors with 1000 BXs per CID per phase'),(659,22,179,9,'2015-11-09 10:35:29',1,'Bridge: OK. Igloo top: OK. Igloo bottom: OK.'),(660,4,187,14,'2015-11-09 10:36:46',1,'No errors read by the uHTR, other errors ignored'),(661,1,160,14,'2015-11-09 11:08:10',1,'All distributions reasonable'),(662,15,160,14,'2015-11-09 11:08:38',1,'igloo top: 03.04, igloo bottom: 03.04, bridge: 01.11.0000'),(663,12,160,14,'2015-11-09 11:10:00',1,'Card and ngCCM draws 3.90 A at 7.99 V (31.16 W)'),(664,5,160,14,'2015-11-09 11:11:03',1,'No errors with 300 BXs per CID per phase'),(665,4,160,14,'2015-11-09 11:11:53',1,'No errors read by the uHTR, other errors ignored'),(666,22,143,9,'2015-11-09 11:14:51',1,'Bridge: OK. Igloo top: OK. Igloo bottom: OK.'),(667,22,192,9,'2015-11-09 11:18:47',1,'Bridge: OK. Igloo top: OK. Igloo bottom: OK.'),(668,1,158,14,'2015-11-09 11:19:38',1,'All distributions reasonable'),(669,12,158,14,'2015-11-09 11:20:00',1,'Card and ngCCM draws 3.90 A at 7.99 V (31.16 W)'),(670,15,158,14,'2015-11-09 11:20:27',1,'igloo top: 03.04, igloo bottom: 03.04, bridge: 01.11.0000'),(671,5,158,14,'2015-11-09 11:21:43',1,'No errors with 300 BXs per CID per phase'),(672,4,158,14,'2015-11-09 11:22:22',1,'No errors read by the uHTR, other errors ignored'),(673,1,159,14,'2015-11-09 11:28:56',0,'Bad links: 2nd, 5th'),(674,15,159,14,'2015-11-09 11:29:31',1,'igloo top: 03.04, igloo bottom: 03.04, bridge: 01.11.0000'),(675,22,185,9,'2015-11-09 11:30:06',1,'Bridge: OK. Igloo top: OK. Igloo bottom: OK'),(676,12,159,14,'2015-11-09 11:30:24',1,'Card and ngCCM draws 4.00 A at 7.99 V (31.96 W)'),(677,5,159,14,'2015-11-09 11:32:03',0,'Bad links: 2nd, 5th'),(678,4,159,14,'2015-11-09 12:34:59',0,'uHTR reports errors in 2nd and 5th links'),(679,22,146,9,'2015-11-09 12:51:43',1,'Bridge: OK. Igloo top: OK. Igloo bottom: OK.'),(680,1,185,14,'2015-11-09 12:51:58',1,'All distributions reasonable'),(681,15,185,14,'2015-11-09 12:52:20',1,'igloo top: 03.04, igloo bottom: 03.04, bridge: 01.11.0000'),(682,12,185,14,'2015-11-09 12:52:39',1,'Card and ngCCM draws 3.90 A at 7.99 V (31.16 W)'),(683,5,185,14,'2015-11-09 12:56:27',1,'No errors with 300 BXs per CID per phase'),(684,4,185,14,'2015-11-09 13:29:31',1,'No errors read by the uHTR, other errors ignored'),(685,1,153,14,'2015-11-09 13:43:46',1,'All distributions reasonable'),(686,15,153,14,'2015-11-09 13:44:04',1,'igloo top: 03.04, igloo bottom: 03.04, bridge: 01.11.0000'),(687,12,153,14,'2015-11-09 13:44:24',1,'Card and ngCCM draws 4.00 A at 7.99 V (31.96 W)'),(688,5,153,14,'2015-11-09 13:47:15',1,'No errors with 300 BXs per CID per phase'),(689,4,153,14,'2015-11-09 13:50:12',1,'No errors read by the uHTR, other errors ignored'),(690,3,159,7,'2015-11-09 13:50:18',0,''),(691,3,159,7,'2015-11-09 13:53:06',1,'seems OK.'),(692,1,152,14,'2015-11-09 14:03:11',1,'Can\'t establish links.'),(693,3,185,7,'2015-11-09 14:06:41',1,'Seems OK.'),(694,3,160,7,'2015-11-09 14:09:14',1,'Seems OK.'),(695,1,146,14,'2015-11-09 14:15:04',0,'Bad links: 2nd (The elevated pedestals are likely the fault of the link, not the QIE)'),(696,15,146,14,'2015-11-09 14:15:31',1,'igloo top: 03.04, igloo bottom: 03.04, bridge: 01.11.0000'),(697,12,146,14,'2015-11-09 14:15:53',1,'Card and ngCCM draws 4.00 A at 7.99 V (31.96 W)'),(698,5,146,14,'2015-11-09 14:20:05',0,'Bad links: 2nd'),(699,4,146,14,'2015-11-09 14:21:28',0,'uHTR reports errors in 2nd and 5th links'),(700,22,183,9,'2015-11-09 14:29:17',1,'Bridge: OK. Igloo top: OK. Igloo bottom: OK.'),(701,1,154,14,'2015-11-09 14:30:35',0,'Bad links: 2nd, 5th'),(702,15,154,14,'2015-11-09 14:30:57',1,'igloo top: 03.04, igloo bottom: 03.04, bridge: 01.11.0000'),(703,12,154,14,'2015-11-09 14:31:16',1,'Card and ngCCM draws 3.90 A at 7.99 V (31.16 W)'),(704,5,154,14,'2015-11-09 14:35:44',0,'Bad links: 2nd, 5th'),(705,4,154,14,'2015-11-09 14:37:48',0,'uHTR reports errors in 2nd and 5th links'),(706,3,153,7,'2015-11-09 14:39:52',1,'Seems OK.'),(707,3,158,7,'2015-11-09 14:42:38',1,'Seems OK.'),(708,1,156,14,'2015-11-09 14:45:01',1,'One CID has a mean just above 6. This is okay.'),(709,15,156,14,'2015-11-09 14:47:33',1,'igloo top: 03.04, igloo bottom: 03.04, bridge: 01.11.0000'),(710,12,156,14,'2015-11-09 14:47:53',1,'Card and ngCCM draws 3.90 A at 7.99 V (31.16 W)'),(711,5,156,14,'2015-11-09 14:48:52',1,'No errors with 300 BXs per CID per phase'),(712,22,174,9,'2015-11-09 14:49:09',1,'Bridge: OK. Igloo top: OK. Igloo bottom: OK. '),(713,4,156,14,'2015-11-09 14:49:45',1,'No errors read by the uHTR, other errors ignored'),(714,1,72,14,'2015-11-09 14:55:34',1,'Two CIDs have means just above 6. This is okay.'),(715,15,72,14,'2015-11-09 14:55:58',1,'igloo top: 03.04, igloo bottom: 03.04, bridge: 01.11.0000'),(716,12,72,14,'2015-11-09 14:56:15',1,'Card and ngCCM draws 3.90 A at 7.99 V (31.16 W)'),(717,5,72,14,'2015-11-09 14:59:10',1,'No errors with 300 BXs per CID per phase'),(718,4,72,14,'2015-11-09 15:02:43',0,'uHTR reports errors in 2nd link'),(719,22,72,9,'2015-11-09 15:03:16',1,'OK'),(720,15,174,14,'2015-11-09 15:04:31',1,'igloo top: 03.04, igloo bottom: 03.04, bridge: 01.11.0000'),(721,1,174,14,'2015-11-09 15:05:20',1,'Two CIDs have means just above 6. This is okay. '),(722,12,174,14,'2015-11-09 15:06:53',1,' Card and ngCCM draws 3.90 A at 7.99 V (31.16 W) '),(723,4,174,14,'2015-11-09 15:07:51',0,' uHTR reports errors in 2nd link '),(724,5,174,14,'2015-11-09 15:08:54',1,' No errors with 300 BXs per CID per phase '),(725,3,187,7,'2015-11-09 15:12:59',1,'Seems OK.'),(726,1,143,14,'2015-11-09 15:13:52',1,'One CID has a mean slightly greater than 6. This is okay.'),(727,15,143,14,'2015-11-09 15:14:39',1,'igloo top: 03.04, igloo bottom: 03.04, bridge: 01.11.0000'),(728,12,143,14,'2015-11-09 15:15:03',1,'Card and ngCCM draws 3.90 A at 7.99 V (31.16 W)'),(729,5,143,14,'2015-11-09 15:19:23',1,'No errors with 300 BXs per CID per phase'),(730,4,143,14,'2015-11-09 15:20:42',1,'No errors read by the uHTR, other errors ignored'),(731,1,179,14,'2015-11-09 15:25:33',1,'All distributions reasonable'),(732,15,179,14,'2015-11-09 15:26:03',1,'igloo top: 03.04, igloo bottom: 03.04, bridge: 01.11.0000'),(733,12,179,14,'2015-11-09 15:26:26',1,'Card and ngCCM draws 3.90 A at 7.99 V (31.16 W)'),(734,5,179,14,'2015-11-09 15:29:48',1,'No errors with 300 BXs per CID per phase'),(735,4,179,14,'2015-11-09 15:30:24',1,'No errors read by the uHTR; other errors ignored'),(736,3,154,7,'2015-11-09 15:33:56',1,'Seems OK.'),(737,1,192,14,'2015-11-09 15:36:08',0,'Bad link: 5th'),(738,15,192,14,'2015-11-09 15:36:28',1,'igloo top: 03.04, igloo bottom: 03.04, bridge: 01.11.0000'),(739,12,192,14,'2015-11-09 15:36:52',1,'Card and ngCCM draws 3.90 A at 7.99 V (31.16 W)'),(740,5,192,14,'2015-11-09 15:41:32',0,'Bad link: 5th'),(741,22,111,9,'2015-11-09 15:41:34',1,'Bridge: OK. Igloo top: OK. Igloo bottom: OK. '),(742,4,192,14,'2015-11-09 15:42:43',0,'uHTR reports errors in the 5th link.'),(743,3,146,7,'2015-11-09 15:44:42',1,'Seems OK.'),(744,1,183,14,'2015-11-09 15:48:58',1,'All distributions reasonable'),(745,15,183,14,'2015-11-09 15:50:01',1,'igloo top: 03.04, igloo bottom: 03.04, bridge: 01.11.0000'),(746,12,183,14,'2015-11-09 15:50:30',1,'Card and ngCCM draws 4.00 A at 7.99 V (31.96 W)'),(747,22,188,9,'2015-11-09 15:51:59',1,'Bridge: OK. Igloo top: OK. Igloo bottom: OK.'),(748,5,183,14,'2015-11-09 15:54:10',1,'No errors with 300 BXs per CID per phase'),(749,4,183,14,'2015-11-09 15:55:01',1,'No errors read by the uHTR; other errors ignored'),(750,1,188,14,'2015-11-09 15:59:02',1,'All distributions reasonable'),(751,15,188,14,'2015-11-09 15:59:27',1,'igloo top: 03.04, igloo bottom: 03.04, bridge: 01.11.0000'),(752,12,188,14,'2015-11-09 15:59:46',1,'Card and ngCCM draws 3.90 A at 7.99 V (31.16 W)'),(753,22,175,9,'2015-11-09 16:01:53',1,'Bridge: OK. Igloo top: OK. Igloo bottom: OK. '),(754,1,188,14,'2015-11-09 16:02:02',1,'All distributions reasonable'),(755,5,188,14,'2015-11-09 16:06:06',1,'No errors with 300 BXs per CID per phase'),(756,4,188,14,'2015-11-09 16:06:51',1,'No errors read by the uHTR; other errors ignored'),(757,22,137,9,'2015-11-09 16:09:26',1,'Bridge: OK. Igloo top: OK. Igloo bottom: OK.'),(758,1,175,14,'2015-11-09 16:10:48',0,'Bad links: 2nd, 5th'),(759,15,175,14,'2015-11-09 16:11:18',1,'igloo top: 03.04, igloo bottom: 03.04, bridge: 01.11.0000'),(760,12,175,14,'2015-11-09 16:11:39',1,'Card and ngCCM draws 4.00 A at 7.99 V (31.96 W)'),(761,5,175,14,'2015-11-09 16:14:00',0,'Bad links: 2nd, 5th'),(762,3,179,7,'2015-11-09 16:14:56',1,'Seems OK.'),(763,4,175,14,'2015-11-09 16:14:57',0,'uHTR reports errors in the 2nd and 5th links.'),(764,3,111,7,'2015-11-09 16:19:37',1,'Seems OK.'),(765,15,137,14,'2015-11-09 16:21:13',0,'get HF2-2-iTop_FPGA_MAJOR_VERSION #ERROR!!  I2C: LBA'),(766,22,136,9,'2015-11-09 16:23:30',1,'Bridge: OK. Igloo top: OK. Igloo bottom: OK.'),(767,1,108,14,'2015-11-09 16:24:38',1,'All distributions reasonable'),(768,15,108,14,'2015-11-09 16:26:17',1,'igloo top: 03.04, igloo bottom: 03.04, bridge: 01.11.0000'),(769,12,108,14,'2015-11-09 16:26:39',1,'Card and ngCCM draws 3.90 A at 7.99 V (31.16 W)'),(770,5,108,14,'2015-11-09 16:28:12',1,'No errors with 300 BXs per CID per phase'),(771,4,108,14,'2015-11-09 16:29:04',1,'No errors read by the uHTR; other errors ignored'),(772,22,132,9,'2015-11-09 16:35:02',1,'Bridge: OK. Igloo top: OK. Igloo bottom: OK.'),(773,1,136,14,'2015-11-09 16:36:32',1,'All distributions reasonable'),(774,15,136,14,'2015-11-09 16:36:58',1,'igloo top: 03.04, igloo bottom: 03.04, bridge: 01.11.0000'),(775,12,136,14,'2015-11-09 16:37:17',1,'Card and ngCCM draws 3.90 A at 7.99 V (31.16 W)'),(776,3,143,7,'2015-11-09 16:38:16',1,'Seems OK.'),(777,22,112,9,'2015-11-09 16:42:35',1,'Bridge: OK. Igloo top: OK. Igloo bottom: OK.'),(778,22,141,9,'2015-11-09 16:51:46',1,'Bridge: OK. Igloo top: OK. Igloo bottom: OK.'),(779,5,136,14,'2015-11-09 16:55:41',1,'No errors with 300 BXs per CID per phase'),(780,4,136,14,'2015-11-09 16:58:50',1,'No errors read by the uHTR; other errors ignored'),(781,22,134,9,'2015-11-09 17:02:42',1,'Bridge: OK. Igloo top: OK. Igloo bottom: OK.'),(782,1,141,14,'2015-11-09 17:04:23',1,'All distributions reasonable'),(783,15,141,14,'2015-11-09 17:04:45',1,'igloo top: 03.04, igloo bottom: 03.04, bridge: 01.11.0000'),(784,12,141,14,'2015-11-09 17:05:02',1,'Card and ngCCM draws 3.90 A at 7.99 V (31.16 W)'),(785,5,141,14,'2015-11-09 17:07:30',1,'No errors with 300 BXs per CID per phase'),(786,4,141,14,'2015-11-09 17:08:19',1,'No errors read by the uHTR; other errors ignored'),(787,22,130,9,'2015-11-09 17:11:22',1,'Bridge: OK. Igloo top: OK. Igloo bottom: OK.'),(788,1,129,14,'2015-11-09 17:17:25',1,'One chip has slightly high pedestals, but it\'s not a problem.'),(789,12,129,14,'2015-11-09 17:18:01',1,'Card and ngCCM draws 3.90 A at 7.99 V (31.16 W)'),(790,22,131,9,'2015-11-09 17:20:50',1,'Bridge: OK. Igloo top: OK. Igloo bottom: OK.'),(791,5,129,14,'2015-11-09 17:21:14',1,'No errors with 300 BXs per CID per phase'),(792,4,129,14,'2015-11-09 17:22:07',1,'No errors read by the uHTR; other errors ignored'),(793,22,133,9,'2015-11-09 17:29:27',1,'Bridge: OK. Igloo top: OK. Igloo bottom: OK.'),(794,1,152,14,'2015-11-10 12:23:37',0,'Can\'t establish links'),(795,1,130,14,'2015-11-10 12:29:33',0,'Bad link: 5th'),(796,15,130,14,'2015-11-10 12:30:12',1,'igloo top: 03.04, igloo bottom: 03.04, bridge: 01.11.0000'),(797,12,130,14,'2015-11-10 12:30:30',1,'Card and ngCCM draws 4.00 A at 7.99 V (31.96 W)'),(798,5,130,14,'2015-11-10 12:33:00',0,'Bad link: 5th'),(799,4,130,14,'2015-11-10 12:35:19',0,'uHTR reports errors in the 5th link.'),(800,1,133,14,'2015-11-10 12:43:58',1,'All distributions reasonable'),(801,15,133,14,'2015-11-10 12:44:41',1,'igloo top: 03.04, igloo bottom: 03.04, bridge: 01.11.0000'),(802,12,133,14,'2015-11-10 12:44:58',1,'Card and ngCCM draws 3.90 A at 7.99 V (31.16 W)'),(803,5,133,14,'2015-11-10 12:46:26',1,'No errors with 300 BXs per CID per phase'),(804,4,133,14,'2015-11-10 12:47:06',1,'No errors read by the uHTR; other errors ignored'),(805,1,132,14,'2015-11-10 12:51:25',1,'All distributions reasonable'),(806,15,132,14,'2015-11-10 12:52:09',1,'igloo top: 03.04, igloo bottom: 03.04, bridge: 01.11.0000'),(807,12,132,14,'2015-11-10 12:52:28',1,'Card and ngCCM draws 3.90 A at 7.99 V (31.16 W)'),(808,5,132,14,'2015-11-10 12:54:35',1,'No errors with 300 BXs per CID per phase'),(809,4,132,14,'2015-11-10 13:07:56',1,'No errors read by the uHTR; other errors ignored'),(810,1,111,14,'2015-11-10 13:13:46',1,'All distributions reasonable'),(811,15,111,14,'2015-11-10 13:14:05',1,'igloo top: 03.04, igloo bottom: 03.04, bridge: 01.11.0000'),(812,12,111,14,'2015-11-10 13:14:22',1,'Card and ngCCM draws 3.90 A at 7.99 V (31.16 W)'),(813,5,111,14,'2015-11-10 13:16:26',1,'No errors with 300 BXs per CID per phase'),(814,4,111,14,'2015-11-10 13:17:07',1,'No errors read by the uHTR; other errors ignored'),(815,3,108,7,'2015-11-10 13:19:35',1,'Seems OK.'),(816,15,112,14,'2015-11-10 13:35:28',0,'get HF2-2-UniqueID #ERROR!!  I2C: LBA'),(817,1,134,14,'2015-11-10 13:37:28',0,'Two CIDs in the 2nd link have bad distributions'),(818,15,134,14,'2015-11-10 13:37:53',1,'igloo top: 03.04, igloo bottom: 03.04, bridge: 01.11.0000'),(819,12,134,14,'2015-11-10 13:38:09',1,'Card and ngCCM draws 3.90 A at 7.99 V (31.16 W)'),(820,5,134,14,'2015-11-10 13:39:06',0,'Bad link: 2nd'),(821,1,134,14,'2015-11-10 13:40:22',0,'uHTR reports errors in the 2nd link.'),(822,4,134,14,'2015-11-10 13:41:05',0,'uHTR reports errors in the 2nd link.'),(823,3,188,7,'2015-11-10 13:47:31',1,'Seems OK.'),(824,1,131,14,'2015-11-10 13:50:38',1,'Once CID has a slightly large mean. This is okay.'),(825,15,131,14,'2015-11-10 13:50:55',1,'igloo top: 03.04, igloo bottom: 03.04, bridge: 01.11.0000'),(826,12,131,14,'2015-11-10 13:51:14',1,'Card and ngCCM draws 3.80 A at 7.99 V (30.36 W)'),(827,5,131,14,'2015-11-10 13:52:12',1,'No errors with 300 BXs per CID per phase'),(828,4,131,14,'2015-11-10 13:53:52',1,'No errors read by the uHTR; other errors ignored'),(829,22,135,9,'2015-11-10 13:57:54',1,'Bridge: OK. Igloo top: OK. Igloo bottom: OK.'),(830,1,135,14,'2015-11-10 14:10:50',0,'Bad link: 2nd'),(831,15,135,14,'2015-11-10 14:11:09',1,'igloo top: 03.04, igloo bottom: 03.04, bridge: 01.11.0000'),(832,12,135,14,'2015-11-10 14:11:24',1,'Card and ngCCM draws 3.90 A at 7.99 V (31.16 W)'),(833,5,135,14,'2015-11-10 14:14:58',0,'Bad link: 2nd'),(834,4,135,14,'2015-11-10 14:15:35',0,'uHTR reports errors in the 2nd link.'),(835,22,177,9,'2015-11-10 14:20:16',1,'Bridge: OK. Igloo top: OK. Igloo bottom: OK.'),(836,1,177,14,'2015-11-10 14:26:15',0,'Bad distributions in 2nd and 5th links'),(837,15,177,14,'2015-11-10 14:26:28',1,'igloo top: 03.04, igloo bottom: 03.04, bridge: 01.11.0000'),(838,12,177,14,'2015-11-10 14:26:51',1,'Card and ngCCM draws 4.00 A at 7.99 V (31.96 W)'),(839,5,177,14,'2015-11-10 14:28:53',0,'Bad links: 2nd, 5th'),(840,4,177,14,'2015-11-10 14:29:54',0,'uHTR reports errors in the 2nd and 5th links.'),(841,22,140,9,'2015-11-10 14:32:01',1,'Bridge: OK. Igloo top: OK. Igloo bottom: OK.'),(842,3,183,7,'2015-11-10 14:32:18',1,'Seems OK.'),(843,22,176,9,'2015-11-10 14:38:49',1,'Bridge: OK. Igloo top: OK. Igloo bottom: OK.'),(844,15,140,14,'2015-11-10 14:40:47',0,'get HF2-2-UniqueID #ERROR!!  I2C: LBA'),(845,1,176,14,'2015-11-10 14:48:05',1,'All distributions reasonable'),(846,15,176,14,'2015-11-10 14:48:32',1,'igloo top: 03.04, igloo bottom: 03.04, bridge: 01.11.0000'),(847,12,176,14,'2015-11-10 14:48:52',1,'Card and ngCCM draws 3.80 A at 7.99 V (30.36 W)'),(848,22,122,9,'2015-11-10 14:49:57',1,'Bridge: OK. Igloo top: OK. Igloo bottom: OK.'),(849,5,176,14,'2015-11-10 14:50:27',1,'No errors with 300 BXs per CID per phase'),(850,4,176,14,'2015-11-10 14:51:03',1,'No errors read by the uHTR; other errors ignored'),(851,3,174,7,'2015-11-10 14:54:02',1,'Seems OK.'),(852,1,122,14,'2015-11-10 15:00:40',1,'All distributions reasonable'),(853,22,119,9,'2015-11-10 15:01:01',1,'Bridge: OK. Igloo top: OK. Igloo bottom: OK.'),(854,15,122,14,'2015-11-10 15:01:17',1,'igloo top: 03.04, igloo bottom: 03.04, bridge: 01.11.0000'),(855,12,122,14,'2015-11-10 15:01:36',1,'Card and ngCCM draws 3.90 A at 7.99 V (31.16 W)'),(856,5,122,14,'2015-11-10 15:04:46',1,'No errors with 300 BXs per CID per phase'),(857,4,122,14,'2015-11-10 15:09:09',0,'uHTR reports errors in the 2nd link.'),(858,22,196,9,'2015-11-10 15:10:37',1,'Bridge: OK. Igloo top: OK. Igloo bottom: OK.'),(859,22,186,9,'2015-11-10 15:18:46',1,'Bridge: OK. Igloo top: OK. Igloo bottom: OK.'),(860,1,196,14,'2015-11-10 15:25:43',0,'Bad distributions in 2nd link (see CIDs with high standard deviations)'),(861,15,196,14,'2015-11-10 15:26:11',1,'igloo top: 03.04, igloo bottom: 03.04, bridge: 01.11.0000'),(862,12,196,14,'2015-11-10 15:27:26',1,'Card and ngCCM draws 4.00 A at 7.99 V (31.96 W)'),(863,5,196,14,'2015-11-10 15:30:10',0,'Bad link: 2nd; odd errors in 5th link. Maybe it\'s just barely failing.'),(864,4,196,14,'2015-11-10 15:30:53',0,'uHTR reports errors in the 2nd and 5th links.'),(865,22,184,9,'2015-11-10 15:31:41',1,'Bridge: OK. Igloo top: OK. Igloo bottom: OK.'),(866,3,156,7,'2015-11-10 15:32:50',1,'Seems OK.'),(867,15,44,14,'2015-11-10 15:34:34',0,'get HF2-2-UniqueID #ERROR!!  I2C: LBA'),(868,3,156,7,'2015-11-10 15:34:51',1,'Seems OK.'),(869,22,182,9,'2015-11-10 15:49:26',1,'Bridge: OK. Igloo top: OK. Igloo bottom: OK.'),(870,3,136,7,'2015-11-10 15:54:37',1,'Seems OK.'),(871,22,181,9,'2015-11-10 16:03:09',1,'Bridge: OK. Igloo top: OK. Igloo bottom: OK.'),(872,3,192,7,'2015-11-10 16:05:57',1,'Seems OK.'),(873,3,141,7,'2015-11-10 16:19:34',1,'Seems OK.'),(874,22,65,9,'2015-11-10 16:21:25',1,'Bridge: OK. Igloo top: OK. Igloo bottom: OK.'),(875,3,129,7,'2015-11-10 16:37:37',1,'Seems OK.'),(876,1,119,14,'2015-11-10 16:53:32',1,'All distributions reasonable'),(877,15,119,14,'2015-11-10 16:53:50',1,'igloo top: 03.04, igloo bottom: 03.04, bridge: 01.11.0000'),(878,12,119,14,'2015-11-10 16:54:12',1,'Card and ngCCM draws 3.90 A at 7.99 V (31.16 W)'),(879,5,119,14,'2015-11-10 16:58:13',0,'Small errors in the 2nd link'),(880,4,119,14,'2015-11-10 16:59:55',0,'uHTR reports errors in the 2nd and 5th links.'),(881,3,132,1,'2015-11-10 17:33:52',1,'Seems OK.'),(882,15,186,14,'2015-11-11 09:15:12',0,'get HF2-2-UniqueID #ERROR!!  I2C: LBA, get HF2-2-iTop_FPGA_MAJOR_VERSION #ERROR!!  I2C: LBA, '),(883,15,182,14,'2015-11-11 09:29:13',0,'I had trouble reading this unique ID. It didn\'t give an error, just random values.'),(884,1,182,14,'2015-11-11 09:31:10',1,'All distributions reasonable'),(885,1,181,14,'2015-11-11 09:32:00',1,'All distributions reasonable'),(886,15,181,14,'2015-11-11 09:32:50',1,'igloo top: 03.04, igloo bottom: 03.04, bridge: 01.11.0000'),(887,12,181,14,'2015-11-11 09:33:56',1,'Two cards and ngCCM draws 5.60 A at 7.99 V (44.74 W)'),(888,5,181,14,'2015-11-11 09:34:34',1,'No errors with 300 BXs per CID per phase'),(889,4,181,14,'2015-11-11 09:37:59',0,'uHTR reports errors in the 5th link.'),(890,1,184,14,'2015-11-11 09:44:54',0,'Bad link: 2nd (see big standard deviations)'),(891,15,184,14,'2015-11-11 09:45:19',1,'igloo top: 03.04, igloo bottom: 03.04, bridge: 01.11.0000'),(892,12,184,14,'2015-11-11 09:45:40',1,'Card and ngCCM draws 3.90 A at 7.99 V (31.16 W)'),(893,5,184,14,'2015-11-11 09:48:10',0,'Bad link: 2nd'),(894,4,184,14,'2015-11-11 09:49:06',0,'uHTR reports errors in the 2nd and 5th links.'),(895,1,65,14,'2015-11-11 09:56:21',1,'All distributions reasonable'),(896,15,65,14,'2015-11-11 09:59:12',1,'igloo top: 03.04, igloo bottom: 03.04, bridge: 01.11.0000'),(897,12,65,14,'2015-11-11 10:00:02',1,'Card and ngCCM draws 3.90 A at 7.99 V (31.16 W)'),(898,5,65,14,'2015-11-11 10:01:43',1,'No errors with 300 BXs per CID per phase'),(899,4,65,14,'2015-11-11 10:04:07',1,'No errors read by the uHTR; other errors ignored'),(900,22,109,9,'2015-11-11 10:27:00',1,'Bridge: OK. Igloo top: OK. Igloo bottom: OK.'),(901,1,109,14,'2015-11-11 10:31:12',1,'All distributions reasonable'),(902,15,109,14,'2015-11-11 10:31:31',1,'igloo top: 03.04, igloo bottom: 03.04, bridge: 01.11.0000'),(903,12,109,14,'2015-11-11 10:31:51',1,'Card and ngCCM draws 4.00 A at 7.99 V (31.96 W)'),(904,5,109,14,'2015-11-11 10:35:44',0,'Bad link: 2nd'),(905,4,109,14,'2015-11-11 10:36:45',0,'uHTR reports errors in the 2nd link.'),(906,22,99,9,'2015-11-11 10:43:14',1,'Bridge: OK. Igloo top: OK. Igloo bottom: OK.'),(907,15,99,14,'2015-11-11 10:52:59',0,'get HF2-2-UniqueID #ERROR!!  I2C: LBA, get HF2-2-iTop_FPGA_MAJOR_VERSION #ERROR!!  I2C: LBA'),(908,22,110,9,'2015-11-11 10:53:56',1,'Bridge: OK. Igloo top: OK. Igloo bottom: OK.'),(909,1,110,14,'2015-11-11 10:59:34',1,'All distributions reasonable'),(910,15,110,14,'2015-11-11 10:59:59',1,'igloo top: 03.04, igloo bottom: 03.04, bridge: 01.11.0000'),(911,12,110,14,'2015-11-11 11:00:14',1,'Card and ngCCM draws 3.80 A at 7.99 V (30.36 W)'),(912,5,110,14,'2015-11-11 11:02:49',1,'No errors with 300 BXs per CID per phase'),(913,4,110,14,'2015-11-11 11:03:35',1,'No errors read by the uHTR; other errors ignored'),(914,22,142,9,'2015-11-11 11:03:46',1,'Bridge: OK. Igloo top: OK. Igloo bottom: OK.'),(915,22,114,9,'2015-11-11 11:18:01',1,'Bridge: OK. Igloo top: OK. Igloo bottom: OK.'),(916,15,114,14,'2015-11-11 11:23:58',1,'igloo top: 03.04, igloo bottom: 03.04, bridge: 01.11.0000'),(917,12,114,14,'2015-11-11 11:24:11',1,'Card and ngCCM draws 3.80 A at 7.99 V (30.36 W)'),(918,5,114,14,'2015-11-11 11:27:22',1,'No errors with 300 BXs per CID per phase'),(919,1,114,14,'2015-11-11 11:28:30',1,'All distributions reasonable'),(920,4,114,14,'2015-11-11 11:29:17',1,'No errors read by the uHTR; other errors ignored'),(921,22,191,9,'2015-11-11 11:42:17',1,'Bridge: OK. Igloo top: OK. Igloo bottom: OK.'),(922,15,191,14,'2015-11-11 11:46:17',1,'igloo top: 03.04, igloo bottom: 03.04, bridge: 01.11.0000'),(923,12,191,14,'2015-11-11 11:46:33',1,'Card and ngCCM draws 3.90 A at 7.99 V (31.16 W)'),(924,5,191,14,'2015-11-11 11:48:40',1,'No errors with 300 BXs per CID per phase'),(925,1,191,14,'2015-11-11 11:49:35',1,'All distributions reasonable'),(926,4,191,14,'2015-11-11 11:50:16',1,'No errors read by the uHTR; other errors ignored'),(927,22,193,9,'2015-11-11 11:53:20',1,'Bridge: OK. Igloo top: OK. Igloo bottom: OK.'),(928,15,193,14,'2015-11-11 12:01:22',1,'igloo top: 03.04, igloo bottom: 03.04, bridge: 01.11.0000'),(929,12,193,14,'2015-11-11 12:01:46',1,'Card and ngCCM draws 3.90 A at 7.99 V (31.16 W)'),(930,5,193,14,'2015-11-11 12:03:52',0,'Bad link: 2nd'),(931,1,193,14,'2015-11-11 12:04:28',0,'Bad link: 2nd'),(932,22,139,9,'2015-11-11 12:04:39',1,'Bridge: OK. Igloo top: OK. Igloo bottom: OK.'),(933,4,193,14,'2015-11-11 12:06:50',0,'The 2nd link is so bad that the uHTR doesn\'t consider it \"ON\".'),(934,15,139,14,'2015-11-11 12:15:10',1,'igloo top: 03.04, igloo bottom: 03.04, bridge: 01.11.0000'),(935,12,139,14,'2015-11-11 12:15:33',1,'Card and ngCCM draws 3.80 A at 7.99 V (30.36 W)'),(936,5,139,14,'2015-11-11 12:17:43',1,'No errors with 300 BXs per CID per phase'),(937,1,139,14,'2015-11-11 12:18:28',1,'All distributions reasonable'),(938,4,139,14,'2015-11-11 12:19:05',1,'No errors read by the uHTR; other errors ignored'),(939,22,171,2,'2015-11-11 12:26:43',0,'bridge: verified, top: ok, bottom: failed'),(940,3,131,7,'2015-11-11 13:05:23',1,'Seems OK.'),(941,3,135,7,'2015-11-11 13:29:36',1,'Seems OK.'),(942,22,171,9,'2015-11-11 13:40:31',0,'Bridge: OK. Igloo top: OK. Igloo bottom: Error - [programmer \'90737\' : Scan Chain...\r\nError: programmer \'90737\' : Signal Integrity Failure\r\n       Integrity Check Pattern Not Found.\r\n       Integrity Check Pattern :\r\n       550FAAF000FF0000FFFF\r\n       IrScan Error.\r\n       TDO stuck at 0\r\n       Chain Analysis Failed.'),(943,3,176,7,'2015-11-11 13:55:02',1,'Seems OK.'),(944,3,177,7,'2015-11-11 14:16:57',1,'Seems OK.'),(945,22,150,9,'2015-11-11 14:33:43',0,'Bridge: OK. Igloo top: OK. Igloo bottom: ERROR'),(946,3,122,7,'2015-11-11 14:38:46',1,'Seems OK.'),(947,22,118,9,'2015-11-11 14:40:56',0,'Bridge: OK. Igloo top: OK. Igloo bottom: ERROR'),(948,22,118,9,'2015-11-11 19:04:17',1,'Bridge: Verified. Igloo top: Verified. Igloo bottom: OK.'),(949,22,171,9,'2015-11-11 19:15:47',1,'Bridge: Verified. Igloo top: Verified. Igloo bottom: OK.\r\nPrevious attempts failed due to a malfunctioning programmer ribbon cable between the programmer and the card.'),(950,22,150,9,'2015-11-11 20:56:27',1,'Bridge: Verified. Igloo top: Verified. Igloo bottom: OK. Previous attempts failed due to a malfunctioning programmer ribbon cable between the programmer and the card.'),(951,15,118,14,'2015-11-12 11:44:22',1,'igloo top: 03.04, igloo bottom: 03.04, bridge: 01.11.0000'),(952,12,118,14,'2015-11-12 11:44:44',1,'Card and ngCCM draws 3.90 A at 7.99 V (31.16 W)'),(953,5,118,14,'2015-11-12 11:49:43',1,'No errors with 300 BXs per CID per phase'),(954,1,118,14,'2015-11-12 11:50:41',1,'All distributions reasonable'),(955,4,118,14,'2015-11-12 11:51:26',1,'No errors read by the uHTR; other errors ignored'),(956,15,150,14,'2015-11-12 11:58:53',0,'get HF2-2-UniqueID #ERROR!! I2C: LBA'),(957,15,171,14,'2015-11-12 12:01:25',1,'igloo top: 03.04, igloo bottom: 03.04, bridge: 01.11.0000'),(958,12,171,14,'2015-11-12 12:01:45',1,'Card and ngCCM draws 3.80 A at 7.99 V (30.36 W)'),(959,5,171,14,'2015-11-12 12:05:01',1,'No errors with 300 BXs per CID per phase'),(960,1,171,14,'2015-11-12 12:05:42',1,'All distributions reasonable'),(961,4,171,14,'2015-11-12 12:06:23',1,'No errors read by the uHTR; other errors ignored'),(962,22,89,9,'2015-11-12 12:13:34',1,'Bridge: OK. Igloo top: OK. Igloo bottom: OK.'),(963,15,89,14,'2015-11-12 12:23:06',1,'igloo top: 03.04, igloo bottom: 03.04, bridge: 01.11.0000'),(964,12,89,14,'2015-11-12 12:23:24',1,'Card and ngCCM draws 3.90 A at 7.99 V (31.16 W)'),(965,22,124,9,'2015-11-12 12:27:00',1,'Bridge: OK. Igloo top: OK. Igloo bottom: OK.'),(966,5,89,14,'2015-11-12 12:27:13',0,'Small errors in the 2nd link'),(967,1,89,14,'2015-11-12 12:28:40',1,'All distributions reasonable'),(968,4,89,14,'2015-11-12 12:29:32',0,'uHTR reports errors in the 2nd link.'),(969,22,148,9,'2015-11-12 13:10:08',1,'Bridge: OK. Igloo top: OK. Igloo bottom: OK.'),(970,22,151,9,'2015-11-12 13:31:24',1,'Bridge: OK. Igloo top: OK. Igloo bottom: OK.'),(971,15,124,14,'2015-11-12 13:32:02',1,'igloo top: 03.04, igloo bottom: 03.04, bridge: 01.11.0000'),(972,12,124,14,'2015-11-12 13:32:19',1,'Card and ngCCM draws 3.90 A at 7.99 V (31.16 W)'),(973,5,124,14,'2015-11-12 13:34:18',0,'Bad links: 2nd, 5th'),(974,1,124,14,'2015-11-12 13:36:32',0,'Bad distributions in 2nd and 5th links'),(975,4,124,14,'2015-11-12 13:38:12',0,'uHTR reports errors in the 2nd and 5th links.'),(976,3,196,7,'2015-11-12 13:53:10',1,'Seems OK.'),(977,15,151,14,'2015-11-12 14:03:48',1,'igloo top: 03.04, igloo bottom: 03.04, bridge: 01.11.0000'),(978,12,151,14,'2015-11-12 14:04:04',1,'Card and ngCCM draws 3.90 A at 7.99 V (31.16 W)'),(979,5,151,14,'2015-11-12 14:06:41',0,'Bad link: 5th'),(980,22,165,9,'2015-11-12 14:07:34',1,'Bridge: OK. Igloo top: OK. Igloo bottom: OK.'),(981,1,151,14,'2015-11-12 14:08:08',0,'Bad links: 2nd, 5th'),(982,4,151,14,'2015-11-12 14:09:44',0,'uHTR reports errors in the 5th link.'),(983,1,165,14,'2015-11-12 14:15:10',1,'All distributions reasonable'),(984,15,165,14,'2015-11-12 14:15:29',1,'igloo top: 03.04, igloo bottom: 03.04, bridge: 01.11.0000'),(985,12,165,14,'2015-11-12 14:15:44',1,'Card and ngCCM draws 3.90 A at 7.99 V (31.16 W)'),(986,5,165,14,'2015-11-12 14:18:51',1,'Bad link: 5th'),(987,4,165,14,'2015-11-12 14:20:05',0,'uHTR reports errors in the 5th link.'),(988,5,165,14,'2015-11-12 14:20:49',0,'The previous test should have been marked as a failure.'),(989,15,148,14,'2015-11-12 14:27:00',1,'igloo top: 03.04, igloo bottom: 03.04, bridge: 01.11.0000'),(990,12,148,14,'2015-11-12 14:28:37',1,'Card and ngCCM draws 4.00 A at 7.99 V (31.96 W)'),(991,5,148,14,'2015-11-12 14:29:27',1,'No errors with 300 BXs per CID per phase'),(992,3,142,7,'2015-11-12 14:30:02',1,'Seems OK.'),(993,1,148,14,'2015-11-12 14:31:11',0,'One CID in the 5th link is not good.'),(994,4,148,14,'2015-11-12 14:32:50',0,'uHTR reports errors in the 5th link.'),(995,22,162,9,'2015-11-12 14:42:40',1,'Bridge: OK. Igloo top: OK. Igloo bottom: OK.'),(996,3,134,7,'2015-11-12 14:42:53',1,'Seems OK.'),(997,3,184,7,'2015-11-12 14:47:13',1,'Seems OK.'),(998,3,181,7,'2015-11-12 14:54:55',1,'Seems OK.'),(999,15,162,14,'2015-11-12 14:58:10',1,'igloo top: 03.04, igloo bottom: 03.04, bridge: 01.11.0000'),(1000,12,162,14,'2015-11-12 14:58:36',1,'Card and ngCCM draws 3.90 A at 7.99 V (31.16 W)'),(1001,22,149,9,'2015-11-12 14:59:13',1,'Bridge: OK. Igloo top: OK. Igloo bottom: OK.'),(1002,3,151,7,'2015-11-12 15:01:08',1,'Seems OK.'),(1003,5,162,14,'2015-11-12 15:02:01',0,'Bad link: 2nd, small errors in the 5th link'),(1004,1,162,14,'2015-11-12 15:03:17',0,'Bad distributions in 2nd and 5th links'),(1005,4,162,14,'2015-11-12 15:04:26',0,'uHTR reports errors in the 2nd and 5th links.'),(1006,22,170,9,'2015-11-12 15:05:52',1,'Bridge: OK. Igloo top: OK. Igloo bottom: OK.'),(1007,3,139,7,'2015-11-12 15:07:55',1,'Seems OK.'),(1008,15,149,14,'2015-11-12 15:08:46',1,'igloo top: 03.04, igloo bottom: 03.04, bridge: 01.11.0000'),(1009,12,149,14,'2015-11-12 15:09:05',1,'Card and ngCCM draws 3.90 A at 7.99 V (31.16 W)'),(1010,5,149,14,'2015-11-12 15:12:12',1,'No errors with 300 BXs per CID per phase'),(1011,3,193,7,'2015-11-12 15:12:34',1,'Seems OK.'),(1012,1,149,14,'2015-11-12 15:13:38',1,'One CID\'s mean is large, but that\'s okay.'),(1013,4,149,14,'2015-11-12 15:14:37',1,'No errors read by the uHTR; other errors ignored'),(1014,22,173,9,'2015-11-12 15:15:04',1,'Bridge: OK. Igloo top: OK. Igloo bottom: OK.'),(1015,15,170,14,'2015-11-12 15:18:41',1,'igloo top: 03.04, igloo bottom: 03.04, bridge: 01.11.0000'),(1016,12,170,14,'2015-11-12 15:18:59',1,'Card and ngCCM draws 4.00 A at 7.99 V (31.96 W)'),(1017,5,170,14,'2015-11-12 15:22:15',0,'Bad link: 5th'),(1018,1,170,14,'2015-11-12 15:23:10',0,'Bad distributions in 5th link'),(1019,22,161,9,'2015-11-12 15:23:19',1,'Bridge: OK. Igloo top: OK. Igloo bottom: OK.'),(1020,4,170,14,'2015-11-12 15:24:16',0,'uHTR reports errors in the 5th link.'),(1021,3,109,7,'2015-11-12 15:26:57',1,'Seems OK.'),(1022,3,65,7,'2015-11-12 15:29:58',1,'Seems OK.'),(1023,22,167,9,'2015-11-12 15:31:24',1,'Bridge: OK. Igloo top: OK. Igloo bottom: OK.'),(1024,15,161,14,'2015-11-12 15:32:28',0,'get HF2-2-UniqueID #ERROR!!  I2C: LBA, get HF5-3-UniqueID #ERROR!!  I2C: LBA'),(1025,15,173,14,'2015-11-12 15:38:22',1,'igloo top: 03.04, igloo bottom: 03.04, bridge: 01.11.0000'),(1026,12,173,14,'2015-11-12 15:38:42',1,'Card and ngCCM draws 3.90 A at 7.99 V (31.16 W)'),(1027,3,119,7,'2015-11-12 15:40:55',1,'Seems OK.'),(1028,5,173,14,'2015-11-12 15:41:36',0,'Bad links: 2nd, 5th'),(1029,3,118,7,'2015-11-12 15:44:01',1,'Seems OK.'),(1030,22,163,9,'2015-11-12 15:44:04',1,'Bridge: OK. Igloo top: OK. Igloo bottom: OK.'),(1031,1,173,14,'2015-11-12 15:44:18',0,'Bad links: 2nd, 5th, bad distributions in 6th link'),(1032,4,173,14,'2015-11-12 15:46:42',0,'uHTR reports errors in the 2nd and 5th links.'),(1033,22,168,9,'2015-11-12 15:52:59',1,'Bridge: OK. Igloo top: OK. Igloo bottom: OK.'),(1034,22,166,9,'2015-11-12 16:00:43',1,'Bridge: OK. Igloo top: OK. Igloo bottom: OK.'),(1035,3,110,7,'2015-11-12 16:08:51',1,'Seems OK.'),(1036,22,172,9,'2015-11-12 16:09:09',1,'Bridge: OK. Igloo top: OK. Igloo bottom: OK.'),(1037,3,165,7,'2015-11-12 16:13:07',1,'Seems OK.'),(1038,15,163,14,'2015-11-12 16:16:26',1,'igloo top: 03.04, igloo bottom: 03.04, bridge: 01.11.0000'),(1039,12,163,14,'2015-11-12 16:16:57',1,'Card and ngCCM draws 3.90 A at 7.99 V (31.16 W)'),(1040,22,98,9,'2015-11-12 16:18:11',1,'Bridge: OK. Igloo top: OK. Igloo bottom: OK.'),(1041,5,163,14,'2015-11-12 16:19:23',1,'No errors with 300 BXs per CID per phase'),(1042,3,171,7,'2015-11-12 16:19:41',1,'Seems OK.'),(1043,15,163,14,'2015-11-12 16:20:14',0,'Bad unique ID value.'),(1044,1,163,14,'2015-11-12 16:22:13',1,'All distributions reasonable'),(1045,4,163,14,'2015-11-12 16:24:09',0,'uHTR reports errors in the 2nd link.'),(1046,22,105,9,'2015-11-12 16:27:35',1,'Bridge: OK. Igloo top: OK. Igloo bottom: OK.'),(1047,3,89,7,'2015-11-12 16:32:13',1,'Seems OK.'),(1048,15,98,14,'2015-11-12 16:33:12',1,'igloo top: 03.04, igloo bottom: 03.04, bridge: 01.11.0000'),(1049,12,98,14,'2015-11-12 16:33:34',1,'Card and ngCCM draws 3.90 A at 7.99 V (31.16 W)'),(1050,3,124,7,'2015-11-12 16:33:53',1,'Seems OK.'),(1051,5,98,14,'2015-11-12 16:36:15',0,'Small errors in the 5th link'),(1052,1,98,14,'2015-11-12 16:38:00',0,'Bad distributions in 5th link'),(1053,22,106,9,'2015-11-12 16:39:11',1,'Bridge: OK. Igloo top: OK. Igloo bottom: OK.'),(1054,4,98,14,'2015-11-12 16:41:17',0,'uHTR reports errors in the 5th link.'),(1055,3,148,7,'2015-11-12 16:44:18',1,'Seems OK.'),(1056,3,162,7,'2015-11-12 16:47:17',1,'Seems OK.'),(1057,22,107,9,'2015-11-12 16:52:59',1,'Bridge: OK. Igloo top: OK. Igloo bottom: OK.'),(1058,3,170,7,'2015-11-12 16:55:36',1,'Seems OK.'),(1059,22,104,9,'2015-11-12 17:23:20',1,'Bridge: OK. Igloo top: OK. Igloo bottom: OK.'),(1060,22,103,9,'2015-11-12 17:31:56',1,'Bridge: OK. Igloo top: OK. Igloo bottom: OK.'),(1061,22,91,9,'2015-11-13 12:29:59',1,'Bridge: OK. Igloo top: OK. Igloo bottom: OK.'),(1062,22,72,9,'2015-11-13 12:41:22',1,'Bridge: OK. Igloo top: OK. Igloo bottom: OK.'),(1063,22,102,9,'2015-11-13 13:06:15',1,'Bridge: OK. Igloo top: OK. Igloo bottom: OK.'),(1064,22,101,9,'2015-11-13 13:21:35',1,'Bridge: OK. Igloo top: OK. Igloo bottom: OK.'),(1065,3,191,9,'2015-11-13 14:40:20',0,'Execution errors on ck_ph and iBot registers due to communication problems.'),(1066,15,129,9,'2015-11-17 14:43:51',1,'bridge: 01.11.0000, igloo top: 03.05, igloo bottom: 03.05 (igloo top and igloo bottom f/w update)'),(1067,1,129,9,'2015-11-17 14:46:28',1,'Number of bad links on link pattern error reduced from two to one after the f/w update.'),(1068,4,129,9,'2015-11-17 14:48:07',1,'Number of bad links on link pattern error reduced from two to one after the f/w update.'),(1069,22,129,9,'2015-11-17 16:57:56',1,'Reprogrammed the igloo top and igloo bottom to f/w: 03.05'),(1070,3,189,9,'2015-11-18 15:49:31',0,'Removed the unique ID check from the register test before running, ran the test and got these results.'),(1071,3,137,9,'2015-11-18 15:54:19',0,'Removed the unique ID check from the register test before running, ran the test and got these results.'),(1072,3,127,9,'2015-11-18 15:56:50',0,'Removed the unique ID check from the register test before running, ran the test and got these results.'),(1073,3,38,9,'2015-11-19 10:22:40',0,'Removed the unique ID check from the register test before running, ran the test and got these results.'),(1074,3,112,9,'2015-11-19 10:23:31',0,'Removed the unique ID check from the register test before running, ran the test and got these results.'),(1075,3,140,9,'2015-11-19 10:25:06',0,'Removed the unique ID check from the register test before running, ran the test and got these results.'),(1076,3,157,1,'2015-11-19 10:27:05',0,'Removed the unique ID check from the register test before running, ran the test and got these results.'),(1077,3,161,9,'2015-11-19 10:28:03',0,''),(1078,3,161,9,'2015-11-19 10:28:52',0,'Removed the unique ID check from the register test before running, ran the test and got these results.'),(1079,3,190,9,'2015-11-19 10:29:37',0,'Removed the unique ID check from the register test before running, ran the test and got these results.'),(1080,3,114,9,'2015-11-19 15:08:57',0,'Execution errors caused by a known issue (probably FC7). Card seems fine, but should be re-tested.'),(1081,3,173,9,'2015-11-19 15:12:28',0,'Execution errors caused by a known issue (probably FC7). Card seems fine, but may need to be re-tested.'),(1082,3,163,9,'2015-11-19 15:17:30',0,'Execution errors caused by a known issue (probably FC7). Card seems to be OK.'),(1083,3,133,9,'2015-11-19 15:38:19',0,'Execution errors caused by a known issue (probably FC7). Card seems fine, but may need to be re-tested.'),(1084,22,66,9,'2015-11-20 14:09:33',1,'Bridge: OK. Igloo top: OK. Igloo bottom: OK.'),(1085,22,100,9,'2015-11-20 14:34:13',1,'Bridge: OK. Igloo top: OK. Igloo bottom: OK.'),(1086,15,91,9,'2015-11-24 10:44:58',1,'igloo top: 03.04, igloo bottom: 03.04, bridge: 01.11.0000'),(1087,3,91,9,'2015-11-24 10:46:27',1,'Seems OK.'),(1088,15,100,9,'2015-11-24 10:52:34',0,'Failed this test intentionally to mark this card for its new F/W. Igloo top: 03.05, Igloo bottom: 03.05, Bridge: 01.11.0000'),(1089,3,100,9,'2015-11-24 10:58:49',0,'QIE clock phase and iTop register issues. Ran this test on rack 2, crate 2, slot 3, ngCCM 0011, HF3, BE crate 50. I will retry this test on a different FE slot of the same setup.'),(1090,15,101,1,'2015-11-24 11:00:16',1,'igloo top: 03.04, igloo bottom: 03.04, bridge: 01.11.0000'),(1091,3,101,9,'2015-11-24 11:01:46',1,'Seems OK.'),(1092,15,103,9,'2015-11-24 11:03:59',1,'igloo top: 03.04, igloo bottom: 03.04, bridge: 01.11.0000'),(1093,3,103,9,'2015-11-24 11:05:18',1,'Seems OK.'),(1094,15,104,9,'2015-11-24 11:06:55',1,'igloo top: 03.04, igloo bottom: 03.04, bridge: 01.11.0000'),(1095,3,104,9,'2015-11-24 11:08:13',1,'Seems OK.'),(1096,15,105,9,'2015-11-24 11:10:42',1,'igloo top: 03.04, igloo bottom: 03.04, bridge: 01.11.0000'),(1097,3,105,9,'2015-11-24 11:11:53',1,'Seems OK.'),(1098,15,106,9,'2015-11-24 11:14:14',1,'igloo top: 03.04, igloo bottom: 03.04, bridge: 01.11.0000'),(1099,3,106,9,'2015-11-24 11:15:27',1,'Seems OK.'),(1100,15,107,9,'2015-11-24 11:16:56',1,'igloo top: 03.04, igloo bottom: 03.04, bridge: 01.11.0000'),(1101,3,107,9,'2015-11-24 11:30:20',1,'Seems OK.'),(1102,15,166,9,'2015-11-24 11:31:58',1,'igloo top: 03.04, igloo bottom: 03.04, bridge: 01.11.0000'),(1103,3,166,9,'2015-11-24 11:33:10',1,'Seems OK.'),(1104,3,114,9,'2015-11-25 13:39:52',1,'Seems OK.'),(1105,15,72,9,'2015-11-25 13:42:48',1,'igloo top: 03.04, igloo bottom: 03.04, bridge: 01.11.0000'),(1106,3,72,9,'2015-11-25 13:44:34',1,'Seems OK.'),(1107,15,66,9,'2015-11-25 13:47:00',1,'igloo top: 03.05, igloo bottom: 03.05, bridge: 01.11.0000'),(1108,3,66,9,'2015-11-25 13:48:49',1,'Seems OK.'),(1109,3,128,9,'2015-11-25 13:50:31',1,'Seems OK.'),(1110,15,167,9,'2015-11-25 13:54:08',1,'igloo top: 03.04, igloo bottom: 03.04, bridge: 01.11.0000'),(1111,3,167,9,'2015-11-25 13:55:25',1,'Seems OK.'),(1112,3,149,9,'2015-11-25 14:13:27',1,'Seems OK.'),(1113,22,73,9,'2015-11-25 14:36:05',1,'Bridge: OK. Igloo top: OK. Igloo bottom: OK.'),(1114,4,66,9,'2015-11-25 14:45:15',1,'Seems OK.'),(1115,5,66,9,'2015-11-25 14:54:18',1,'Seems OK.'),(1116,1,66,9,'2015-11-25 14:57:48',0,''),(1117,1,66,9,'2015-11-25 14:58:49',1,'Seems OK.'),(1118,12,66,9,'2015-11-25 15:02:39',1,'ngCCM + QIE = 4.1A\r\nngCCM only = 2.3A\r\nQIE (Calculated) = 1.8A'),(1119,22,95,9,'2015-11-25 15:13:38',1,'Bridge: OK. Igloo top: OK. Igloo bottom: OK.'),(1120,22,31,9,'2015-11-25 15:26:05',1,'Bridge: OK. Igloo top: OK. Igloo bottom: OK.'),(1121,22,90,9,'2015-11-25 15:35:36',1,'Bridge: OK. Igloo top: OK. Igloo bottom: OK.'),(1122,3,98,9,'2015-11-25 15:41:31',1,'Seems OK.'),(1123,22,94,9,'2015-11-25 15:47:39',1,'Bridge: OK. Igloo top: OK. Igloo bottom: OK.'),(1124,22,87,9,'2015-11-25 17:28:12',1,'Bridge: OK. Igloo top: OK. Igloo bottom: OK.'),(1125,22,121,9,'2015-11-25 17:36:59',1,'Bridge: OK. Igloo top: OK. Igloo bottom: OK.'),(1126,22,145,9,'2015-11-25 17:47:07',1,'Bridge: OK. Igloo top: OK. Igloo bottom: OK.'),(1127,22,147,9,'2015-11-25 17:57:06',1,'Bridge: OK. Igloo top: OK. Igloo bottom: OK.'),(1128,22,53,9,'2015-11-25 18:12:44',1,'Bridge: OK Igloo top: OK. Igloo bottom: OK.'),(1129,22,144,9,'2015-11-25 18:22:26',1,'Bridge: OK. Igloo top: OK. Igloo bottom: OK.'),(1130,22,126,9,'2015-11-25 18:29:11',1,'Bridge: OK. Igloo top: OK. Igloo bottom: OK.'),(1131,22,125,9,'2015-11-25 18:44:22',1,'Bridge: OK. Igloo top: OK. Igloo bottom: OK.'),(1132,22,55,9,'2015-11-26 08:51:11',1,'Bridge: OK. Igloo top: OK. Igloo bottom: OK.'),(1133,22,57,9,'2015-11-26 09:07:25',1,'Bridge: OK. Igloo top: OK. Igloo bottom: OK.'),(1134,22,56,9,'2015-11-26 09:21:53',1,'Bridge: OK. Igloo top: OK. Igloo bottom: OK.'),(1135,22,138,9,'2015-11-26 09:32:02',1,'Bridge: OK. Igloo top: OK. Igloo bottom: OK.'),(1136,22,58,9,'2015-11-26 09:41:07',1,'Bridge: OK. Igloo top: OK. Igloo bottom: OK.'),(1137,22,60,9,'2015-11-26 09:51:03',1,'Bridge: OK. Igloo top: OK. Igloo bottom: OK.'),(1138,22,61,9,'2015-11-26 10:00:11',1,'Bridge: OK. Igloo top: OK. Igloo bottom: OK.'),(1139,22,113,9,'2015-11-26 10:09:33',1,'Bridge: OK. Igloo top: OK. Igloo bottom: OK.'),(1140,22,54,9,'2015-11-26 10:22:37',1,'Bridge: OK. Igloo top: OK. Igloo bottom: OK.'),(1141,22,59,9,'2015-11-26 10:33:12',1,'Bridge: OK. Igloo top: OK. Igloo bottom: OK.'),(1142,22,62,9,'2015-11-26 10:42:20',1,'Bridge: OK. Igloo top: OK. Igloo bottom: OK.'),(1143,22,97,9,'2015-11-26 10:57:05',1,'Bridge: OK. Igloo top: OK. Igloo bottom: OK.'),(1144,22,71,9,'2015-11-26 11:14:12',1,'Bridge: OK. Igloo top: OK. Igloo bottom: OK.'),(1145,22,83,9,'2015-11-26 13:18:01',1,'Bridge: OK. Igloo top: OK. Igloo bottom: OK.'),(1146,22,88,9,'2015-11-26 13:25:11',1,'Bridge: OK. Igloo top: OK. Igloo bottom: OK.'),(1147,22,67,9,'2015-11-26 13:36:54',1,'Bridge: OK. Igloo top: OK. Igloo bottom: OK.'),(1148,22,85,9,'2015-11-26 13:46:51',1,'Bridge: OK. Igloo top: OK. Igloo bottom: OK.'),(1149,22,64,9,'2015-11-26 13:55:03',1,'Bridge: OK. Igloo top: OK. Igloo bottom: OK.'),(1150,22,69,9,'2015-11-26 14:00:57',1,'Bridge: OK. Igloo top: OK. Igloo bottom: OK.'),(1151,22,96,9,'2015-11-26 14:14:13',1,'Bridge: OK. Igloo top: OK. Igloo bottom: OK.'),(1152,22,68,9,'2015-11-26 14:29:48',1,'Bridge: OK. Igloo top: OK. Igloo bottom: OK.'),(1153,22,63,9,'2015-11-26 14:36:25',1,'Bridge: OK. Igloo top: OK. Igloo bottom: OK.'),(1154,22,211,9,'2015-11-26 14:43:53',1,'Bridge: OK. Igloo top: OK. Igloo bottom: OK.'),(1155,22,205,9,'2015-11-26 14:51:35',1,'Bridge: OK. Igloo top: OK. Igloo bottom: OK.'),(1156,22,204,9,'2015-11-26 16:39:15',1,'Bridge: OK. Igloo top: OK. Igloo bottom: OK.'),(1157,22,202,9,'2015-11-26 16:46:17',1,'Bridge: OK. Igloo top: OK. Igloo bottom: OK.'),(1158,22,208,9,'2015-11-26 16:54:47',1,'Bridge: OK. Igloo top: OK. Igloo bottom: OK.'),(1159,22,195,9,'2015-11-26 17:02:01',1,'Bridge: OK. Igloo top: OK. Igloo bottom: OK.'),(1160,22,194,9,'2015-11-26 17:10:15',1,'Bridge: OK. Igloo top: OK. Igloo bottom: OK.'),(1161,22,120,9,'2015-11-26 17:19:04',1,'Bridge: OK. Igloo top: OK. Igloo bottom: OK.'),(1162,22,164,9,'2015-11-26 17:26:31',1,'Bridge: OK. Igloo top: OK. Igloo bottom: OK.'),(1163,22,199,9,'2015-11-26 17:34:23',1,'Bridge: OK. Igloo top: OK. Igloo bottom: OK.'),(1164,22,180,9,'2015-11-26 17:44:49',1,'Bridge: OK. Igloo top: OK. Igloo bottom: OK.'),(1165,22,169,9,'2015-11-26 18:12:42',1,'Bridge: OK. Igloo top: OK. Igloo bottom: OK.'),(1166,22,70,9,'2015-11-27 09:54:51',1,'Bridge: OK. Igloo top: OK. Igloo bottom: OK.'),(1167,22,74,9,'2015-11-27 10:02:59',1,'Bridge: OK. Igloo top: OK. Igloo bottom: OK.'),(1168,22,86,9,'2015-11-27 10:37:03',1,'Bridge: OK. Igloo top: OK. Igloo bottom: OK.'),(1169,22,92,9,'2015-11-27 11:03:18',1,'Bridge: OK. Igloo top: OK. Igloo bottom: OK.'),(1170,22,93,9,'2015-11-27 11:44:08',1,'Bridge: OK. Igloo top: OK. Igloo bottom: OK.'),(1171,3,133,7,'2015-11-27 13:09:36',1,'Seems OK.'),(1172,22,76,9,'2015-11-27 13:13:35',1,'Bridge: OK. Igloo top: OK. Igloo bottom: OK.'),(1173,3,173,7,'2015-11-27 13:15:28',1,'Seems OK.'),(1174,3,102,7,'2015-11-27 13:17:29',1,''),(1175,3,70,7,'2015-11-27 13:19:28',1,''),(1176,3,74,7,'2015-11-27 13:21:04',1,'Seems OK.'),(1177,3,86,7,'2015-11-27 13:24:44',1,'Seems OK.'),(1178,22,79,9,'2015-11-27 13:25:47',1,'Bridge: OK. Igloo top: OK. Igloo bottom: OK.'),(1179,3,92,7,'2015-11-27 13:26:29',1,'Seems OK.'),(1180,3,93,7,'2015-11-27 13:28:36',1,'Seems OK.'),(1181,22,75,9,'2015-11-27 13:37:50',1,'Bridge: OK. Igloo top: OK. Igloo bottom: OK.'),(1182,22,77,9,'2015-11-27 13:43:39',1,'Bridge: OK. Igloo top: OK. Igloo bottom: OK.'),(1183,3,204,7,'2015-11-27 13:49:05',1,'Seems OK.'),(1184,22,78,9,'2015-11-27 13:50:20',1,'Bridge: OK. Igloo top: OK. Igloo bottom: OK.'),(1185,3,202,7,'2015-11-27 13:50:34',1,'Seems OK.'),(1186,3,208,7,'2015-11-27 13:52:38',1,''),(1187,3,195,7,'2015-11-27 13:54:20',1,'Seems OK.'),(1188,3,194,7,'2015-11-27 13:55:40',1,'Seems OK.'),(1189,3,168,7,'2015-11-27 13:57:23',1,'Seems OK.'),(1190,3,172,7,'2015-11-27 13:59:20',1,'Seems OK.'),(1191,22,81,9,'2015-11-27 13:59:25',1,'Bridge: OK. Igloo top: OK. Igloo bottom: OK.'),(1192,3,120,7,'2015-11-27 14:01:09',1,'Seems OK.'),(1193,3,199,1,'2015-11-27 14:07:09',1,'Seems OK.'),(1194,3,169,7,'2015-11-27 14:09:04',1,'Seems OK.'),(1195,22,115,9,'2015-11-27 14:18:13',1,'Bridge: OK. Igloo top: OK. Igloo bottom: OK.'),(1196,3,83,7,'2015-11-27 14:26:30',1,'seems OK.'),(1197,3,67,7,'2015-11-27 14:28:11',1,'Seems OK.'),(1198,3,64,7,'2015-11-27 14:31:12',1,'Seems OK.'),(1199,22,123,9,'2015-11-27 14:34:55',1,'Bridge: OK. Igloo top: OK. Igloo bottom: OK.'),(1200,3,69,7,'2015-11-27 14:35:29',1,'Seems OK.'),(1201,3,68,7,'2015-11-27 14:38:48',1,'Seems OK.'),(1202,3,85,7,'2015-11-27 14:40:21',1,'Seems OK.'),(1203,22,116,9,'2015-11-27 14:41:49',1,'Bridge: OK. Igloo top: OK. Igloo bottom: OK.'),(1204,3,63,7,'2015-11-27 14:42:17',1,'Seems OK.'),(1205,3,211,7,'2015-11-27 14:43:14',1,'Seems OK.'),(1206,22,117,9,'2015-11-27 14:51:04',1,'Bridge: OK. Igloo top: OK. Igloo bottom: OK.'),(1207,22,84,9,'2015-11-27 15:20:43',1,'Bridge: OK. Igloo top: OK. Igloo bottom: OK.'),(1208,3,71,7,'2015-11-27 15:24:20',1,'Seems OK.'),(1209,3,97,7,'2015-11-27 15:29:46',1,'Seems OK.'),(1210,3,180,7,'2015-11-27 15:32:07',0,'iTop issues.'),(1211,3,55,7,'2015-11-27 15:34:19',1,'Seems OK.'),(1212,3,56,7,'2015-11-27 15:37:24',1,'Seems OK.'),(1213,3,57,7,'2015-11-27 15:39:46',1,'Seems OK.'),(1214,3,59,7,'2015-11-27 15:40:47',1,'Seems OK.'),(1215,3,60,7,'2015-11-27 15:42:17',1,'Seems OK.'),(1216,3,61,7,'2015-11-27 15:43:14',1,'Seems OK.'),(1217,3,62,7,'2015-11-27 15:44:10',1,'Seems OK.'),(1218,22,80,9,'2015-11-27 15:47:16',1,'Bridge: OK. Igloo top: OK. Igloo bottom: OK.'),(1219,22,197,9,'2015-11-27 16:40:40',1,'Bridge: OK. Igloo top: OK. Igloo bottom: OK.'),(1220,22,198,9,'2015-11-27 16:47:41',1,'Bridge: OK. Igloo top: OK. Igloo bottom: OK.'),(1221,3,113,7,'2015-11-27 16:48:48',1,'Seems OK.'),(1222,3,138,7,'2015-11-27 16:49:54',1,'Seems OK.'),(1223,3,58,7,'2015-11-27 16:51:45',0,'iTop issues.'),(1224,3,73,7,'2015-11-27 16:52:49',1,'Seems OK.'),(1225,3,95,8,'2015-11-27 16:53:50',1,'Seems OK.'),(1226,3,31,7,'2015-11-27 16:54:56',1,'Seems OK.'),(1227,22,200,9,'2015-11-27 16:56:21',1,'Bridge: OK. Igloo top: OK. Igloo bottom: OK.'),(1228,3,90,7,'2015-11-27 16:56:50',1,'Seems OK.'),(1229,3,94,7,'2015-11-27 16:58:39',1,'Seems OK.'),(1230,3,87,7,'2015-11-27 16:59:52',0,'iTop issue.'),(1231,3,121,7,'2015-11-27 17:00:54',1,'Seems OK.'),(1232,22,201,9,'2015-11-27 17:02:24',1,'Bridge: OK. Igloo top: OK. Igloo bottom: OK.'),(1233,3,145,7,'2015-11-27 17:05:17',1,'Seems OK.'),(1234,3,147,7,'2015-11-27 17:06:10',1,'Seems OK.'),(1235,22,203,9,'2015-11-27 17:09:52',1,'Bridge: OK. Igloo top: OK. Igloo bottom: OK.'),(1236,22,206,9,'2015-11-27 17:17:15',1,'Bridge: OK. Igloo top: OK. Igloo bottom: OK.'),(1237,22,207,9,'2015-11-27 17:24:28',1,'Bridge: OK. Igloo top: OK. Igloo bottom: OK.'),(1238,22,209,9,'2015-11-27 17:32:27',1,'Bridge: OK. Igloo top: OK. Igloo bottom: OK.'),(1239,3,87,9,'2015-11-29 11:27:29',1,'Seems OK.'),(1240,3,152,9,'2015-11-29 11:32:22',1,'Seems OK.'),(1241,3,75,9,'2015-11-29 12:24:58',1,'Seems OK.'),(1242,3,76,9,'2015-11-29 12:26:15',1,'Seems OK.'),(1243,3,77,9,'2015-11-29 12:27:41',1,'Seems OK.'),(1244,3,78,9,'2015-11-29 12:28:40',1,'Seems OK.'),(1245,3,79,9,'2015-11-29 12:29:53',1,'Seems OK.'),(1246,3,80,9,'2015-11-29 12:30:49',1,'Seems OK.'),(1247,3,81,9,'2015-11-29 12:31:55',1,'Seems OK.'),(1248,3,84,9,'2015-11-29 12:33:18',1,'Seems OK.'),(1249,3,115,9,'2015-11-29 12:37:10',1,'iTop issues (Qie12_ck_ph).'),(1250,3,115,9,'2015-11-29 12:37:54',0,'iTop issues (Qie12_ck_ph). '),(1251,3,116,9,'2015-11-29 12:39:29',1,'Seems OK.'),(1252,3,117,9,'2015-11-29 12:41:09',1,'Seems OK.'),(1253,3,197,9,'2015-11-29 13:20:26',1,'Seems OK.'),(1254,3,198,9,'2015-11-29 13:22:01',1,''),(1255,3,200,9,'2015-11-29 13:24:19',1,'Seems OK.'),(1256,3,201,9,'2015-11-29 13:25:13',1,'Seems OK.'),(1257,3,206,9,'2015-11-29 13:27:45',1,'Seems OK.'),(1258,3,207,9,'2015-11-29 13:28:47',1,'Seems OK.'),(1259,3,209,9,'2015-11-29 13:30:04',1,'Seems OK.'),(1260,3,99,9,'2015-11-29 14:10:49',0,'iTop issues + more register issues.'),(1261,3,150,9,'2015-11-29 14:11:37',1,'Seems OK.'),(1262,3,203,9,'2015-11-29 14:13:57',0,'Communication issues with iTop_CntrReg_OrbHistoRun, iTop_CntrReg_WrEn_InputSpy and iTop_scratch registers.'),(1263,3,123,9,'2015-11-29 14:14:59',0,'iTop issues.'),(1264,3,54,9,'2015-11-29 14:16:52',1,'Seems OK.'),(1265,3,205,9,'2015-11-29 14:17:41',1,'Seems OK.'),(1266,3,88,9,'2015-11-29 14:18:17',1,'Seems OK.'),(1267,3,96,9,'2015-11-29 14:19:24',0,'iTop issues.'),(1268,3,164,9,'2015-11-29 14:21:03',0,'Communication issues.'),(1269,15,30,9,'2015-11-29 14:38:26',1,'Bridge: 01.10.0000, Igloo top: 03.04, Igloo bottom: 03.04'),(1270,3,30,9,'2015-11-29 14:52:41',1,''),(1271,3,182,9,'2015-11-29 15:11:40',1,'Seems OK.'),(1272,3,186,9,'2015-11-29 15:32:27',0,'Communication issues.'),(1273,15,126,1,'2015-11-29 15:55:53',1,'Bridge: 01.11.0000, Igloo top: 03.05, Igloo bottom: 03.05'),(1274,15,144,9,'2015-11-29 15:57:36',1,'Bridge: 01.11.0000, Igloo top: 03.05, Igloo bottom: 03.05'),(1275,15,125,9,'2015-11-29 15:58:22',1,'Bridge: 01.11.0000, Igloo top: 03.05, Igloo bottom: 03.05'),(1276,3,125,9,'2015-11-29 16:10:37',1,'Seems OK.'),(1277,3,126,9,'2015-11-29 16:11:36',1,'Seems OK.'),(1278,3,144,9,'2015-11-29 16:13:38',1,'Seems OK.'),(1279,15,53,9,'2015-11-29 16:30:50',1,'Bridge: 01.11.0000, Igloo top: 03.05, Igloo bottom: 03.05'),(1280,3,53,9,'2015-11-29 16:45:33',1,'Seems OK.'),(1281,3,44,9,'2015-11-29 17:01:41',1,'Seems OK.'),(1282,15,44,9,'2015-11-29 17:10:54',1,'Bridge: 01.11.0000, Igloo top: 03.04, Igloo bottom: 03.04 '),(1283,3,175,9,'2015-11-30 13:51:01',1,'Seems OK.'),(1284,3,130,9,'2015-11-30 13:53:53',0,'iBot issues.');
/*!40000 ALTER TABLE `Test` ENABLE KEYS */;
UNLOCK TABLES;

--
-- Table structure for table `TestRevoke`
--

DROP TABLE IF EXISTS `TestRevoke`;
/*!40101 SET @saved_cs_client     = @@character_set_client */;
/*!40101 SET character_set_client = utf8 */;
CREATE TABLE `TestRevoke` (
  `test_id` int(10) unsigned NOT NULL,
  `comment` varchar(120) DEFAULT NULL,
  PRIMARY KEY (`test_id`)
) ENGINE=InnoDB DEFAULT CHARSET=latin1;
/*!40101 SET character_set_client = @saved_cs_client */;

--
-- Dumping data for table `TestRevoke`
--

LOCK TABLES `TestRevoke` WRITE;
/*!40000 ALTER TABLE `TestRevoke` DISABLE KEYS */;
INSERT INTO `TestRevoke` VALUES (9,'removing dummy test'),(11,'remove dummy test'),(12,'removing dummy test'),(13,'dummy test'),(19,'somuf'),(21,'dummy test'),(22,'dummy test'),(23,'f'),(55,'test'),(56,'test'),(75,'The character field was cut off. I think this is a database issue.'),(77,'The character field was cut off. I think this is a database issue.'),(79,'The character field was cut off. I think this is a database issue.'),(80,'I forgot to check \"successful\".'),(81,'The character field was cut off. I think this is a database issue.'),(83,'This is stupid.'),(84,'This stamp is okay.'),(85,'Mistake'),(99,'The jumper J12 was added by hand.'),(102,'The jumper, J12, was added by hand.'),(109,'test redone.'),(111,'I forgot to additional comment.'),(117,'Tote gave me the wrong test title...'),(119,'Tote is an idiot.'),(120,'1.2 V DC/DC was swapped with the one in 589.'),(121,'Tote told me the wrong test name...'),(122,'Redone after DC/DC swap.'),(123,'Test redone. Maybe it was previously conducted with bkp_pwr disabled'),(124,'Need to put version 0xb (1.11.0000) firmware on the BRIDGE.'),(126,'test redone.'),(127,'we reinstalled the firmware.'),(132,'Redone. We think the bkp_pwr was disabled.'),(133,'this was actually done on  594.'),(143,'Bridge f/w version changed.'),(144,'I upgraded the bridge FW.'),(186,'it\'s'),(202,'Correction.'),(207,'Accidentally clicked \"Add Test\" without adding files.'),(227,'Mistake in the comment.'),(238,''),(241,'This test was marked bad because of the link pattern results, but shouldnt not have been.  Test should be redone to doub'),(243,'test'),(257,'Correction.'),(263,'Communication issues are gone somehow.'),(270,'Wrong card.'),(312,'&lt;script&gt;alert(1)&lt;/script&gt;'),(458,'DOUBLE'),(632,'Accidentally added link test files.'),(646,'Correction'),(690,''),(692,'This should not have been listed as \"successful\".'),(714,'Mixed up this card with another'),(715,'Mixed up this card with \'725'),(716,'Mixed up this card with \'725'),(717,'Mixed up this card with \'725'),(718,'Mixed up this card with \'725'),(719,'Mixed up this card with \'725'),(750,'Wrong results...'),(821,'Wrong test name ...'),(866,'root file missing.'),(867,'Card somehow started communicating again.'),(884,'I mistook this board for \'732...'),(939,'Successful.'),(942,'Successful.'),(945,'Successful.'),(947,'Redone'),(986,'Marked incorrectly.'),(1038,'Well, I should say the unique ID is bad.'),(1067,'Wrong test.'),(1077,''),(1080,'Fixed.'),(1081,'Re-tested.'),(1083,'Re-tested.'),(1116,'Mistake.'),(1230,'This is not an iTop issue, retested.'),(1249,'Unsuccessful.');
/*!40000 ALTER TABLE `TestRevoke` ENABLE KEYS */;
UNLOCK TABLES;

--
-- Table structure for table `Test_Type`
--

DROP TABLE IF EXISTS `Test_Type`;
/*!40101 SET @saved_cs_client     = @@character_set_client */;
/*!40101 SET character_set_client = utf8 */;
CREATE TABLE `Test_Type` (
  `test_type` int(10) unsigned NOT NULL AUTO_INCREMENT,
  `name` varchar(30) DEFAULT NULL,
  `required` tinyint(1) NOT NULL,
  `desc_short` varchar(50) DEFAULT NULL,
  `desc_long` varchar(250) DEFAULT NULL,
  `relative_order` int(11) NOT NULL,
  PRIMARY KEY (`test_type`)
) ENGINE=InnoDB AUTO_INCREMENT=27 DEFAULT CHARSET=latin1;
/*!40101 SET character_set_client = @saved_cs_client */;

--
-- Dumping data for table `Test_Type`
--

LOCK TABLES `Test_Type` WRITE;
/*!40000 ALTER TABLE `Test_Type` DISABLE KEYS */;
INSERT INTO `Test_Type` VALUES (1,'raw ped',1,'mean/rms of raw peds','check the mean and RMS of pedestal distributions for all QIEs when no cable is plugged into the board.',1),(3,'register test',1,'check all registers','loop over all availble r/w registers on QIE card and write random bits ad readback to double check',2),(4,'link pattern',1,'','Enable link pattern readout in igloo two and check the integrity of the link',3),(5,'cap ID rotation',1,'check that cap are rotating','check that cap IDs for each group of 4 (12?) QIE are rotating correctly.  This should be checked at every clock phase possible.',4),(9,'Visual Inspection',1,'Check board for damage','Check board for damage, obvious short, or other potentially alarming features',1),(10,'Assembly check',1,'Check that all required parts are on the board.','Check that 3 VTTx modules 5 DC/DC converters are in their proper location, 2 Winchester PCB connectors, front panel, and Bridge JTAG pass-through are installed.  ',1),(11,'Ground-short test',1,'check voltage between all test points.','Check Power; using ohmmeter, check for shorts on between any of the voltage rails; there are easy to access test points for all rails; If a short is found, STOP and find the cause.  Record all voltages in comments.',1),(12,'Crate Power Test',1,'Install board into crate and check power.','Install Board into unpowered crate. Power Board, voltage should be ~8V.  Note power draw (expect ~1.6 A) in comments.  Quick check of components to verify no hot areas (should use an IR gun, if possible).\r\n',1),(15,'Check f/w versions',1,'','Using QA test suite s/w readout FPGA f/w versions.  Verify, they are as expected.  Note output in comments.',1),(21,'Internal Q Inj.',1,'','Using the QA test suite s/w run the CI test.  Attach root file with comments.  ',1),(22,'Program FPGA',1,'','use JTAG programmers and Xilinx/Microsemi s/w to load f/w onto the Bridge and both IGLOO2 FPGAs. Verify programmer was successful.',1),(23,'Calibration',1,'','use external charge injection scans for measuring QIE response.  Measure range select errors.  Calibrate TDC thresholds.',1),(24,'LED test',1,'','test QIE with fast external pulses using an LED + PMT to generate signals.',1);
/*!40000 ALTER TABLE `Test_Type` ENABLE KEYS */;
UNLOCK TABLES;
/*!40103 SET TIME_ZONE=@OLD_TIME_ZONE */;

/*!40101 SET SQL_MODE=@OLD_SQL_MODE */;
/*!40014 SET FOREIGN_KEY_CHECKS=@OLD_FOREIGN_KEY_CHECKS */;
/*!40014 SET UNIQUE_CHECKS=@OLD_UNIQUE_CHECKS */;
/*!40101 SET CHARACTER_SET_CLIENT=@OLD_CHARACTER_SET_CLIENT */;
/*!40101 SET CHARACTER_SET_RESULTS=@OLD_CHARACTER_SET_RESULTS */;
/*!40101 SET COLLATION_CONNECTION=@OLD_COLLATION_CONNECTION */;
/*!40111 SET SQL_NOTES=@OLD_SQL_NOTES */;

-- Dump completed on 2015-12-08 23:58:59
